pair,open_date,close_date,open_rate,close_rate,profit_ratio,profit_abs,exit_reason,trade_duration
ETH/USDT,2025-10-01 04:05:00+00:00,2025-10-01 08:40:00+00:00,4140.58,4252.59,0.024999714184718014,2.4971656,roi,275
ETH/USDT,2025-10-02 15:10:00+00:00,2025-10-02 18:30:00+00:00,4373.27,4491.58,0.025000929324238884,2.49534942,roi,200
BTC/USDT,2025-10-02 15:10:00+00:00,2025-10-03 03:10:00+00:00,119035.94,120374.71,0.009226298243656002,0.92346185,roi,720
BTC/USDT,2025-10-03 08:25:00+00:00,2025-10-03 15:30:00+00:00,119512.0,121547.53,0.01499998152559936,1.48941049,roi,425
ETH/USDT,2025-10-03 05:55:00+00:00,2025-10-03 16:00:00+00:00,4474.53,4550.74,0.014999924557978299,1.49821948,roi,605
ETH/USDT,2025-10-04 02:00:00+00:00,2025-10-04 14:15:00+00:00,4479.67,4511.08,0.004999665806379017,0.49994927,roi,735
BTC/USDT,2025-10-04 02:00:00+00:00,2025-10-05 02:25:00+00:00,121865.22,122719.74,0.0049999968069190815,0.50014673,roi,1465
ETH/USDT,2025-10-04 15:45:00+00:00,2025-10-05 02:30:00+00:00,4458.26,4534.19,0.014999277592755765,1.49940112,roi,645
BTC/USDT,2025-10-05 10:20:00+00:00,2025-10-06 00:15:00+00:00,122970.0,123832.27,0.005000023383911053,0.49852886,roi,835
ETH/USDT,2025-10-07 08:40:00+00:00,2025-10-07 15:35:00+00:00,4656.14,4516.46,-0.0319371617055965,-3.18544564,stop_loss,415
BTC/USDT,2025-10-06 21:40:00+00:00,2025-10-07 16:20:00+00:00,124917.12,121169.61,-0.0319380331365478,-3.19487738,stop_loss,1120
ETH/USDT,2025-10-07 16:30:00+00:00,2025-10-08 14:00:00+00:00,4482.62,4514.05,0.0049995134822307784,0.50026326,roi,1290
ETH/USDT,2025-10-09 01:55:00+00:00,2025-10-09 08:25:00+00:00,4474.43,4340.2,-0.03193741511578604,-3.18989525,stop_loss,390
ETH/USDT,2025-10-09 09:10:00+00:00,2025-10-09 22:25:00+00:00,4340.29,4370.72,0.0049990421624575105,0.49953677,roi,795
BTC/USDT,2025-10-09 01:55:00+00:00,2025-10-10 15:30:00+00:00,122426.56,118753.77,-0.031938006532735,-3.17031597,stop_loss,2255
ETH/USDT,2025-10-10 16:25:00+00:00,2025-10-10 19:20:00+00:00,4122.84,3999.16,-0.03193680319156932,-3.1896084,stop_loss,175
BTC/USDT,2025-10-10 15:40:00+00:00,2025-10-10 20:50:00+00:00,119226.79,115649.99,-0.03193803099302021,-3.16369173,stop_loss,310
ETH/USDT,2025-10-10 19:40:00+00:00,2025-10-10 20:55:00+00:00,3989.88,3870.19,-0.03193646108470615,-3.18875175,stop_loss,75
ETH/USDT,2025-10-10 21:35:00+00:00,2025-10-10 21:40:00+00:00,3744.52,3836.76,0.0225861113585941,2.26038782,trailing_stop_loss,5
ETH/USDT,2025-10-11 19:50:00+00:00,2025-10-11 21:05:00+00:00,3756.5,3643.81,-0.03193673361122464,-3.19440225,stop_loss,75
ETH/USDT,2025-10-11 21:15:00+00:00,2025-10-12 00:15:00+00:00,3671.58,3725.51,0.012661149560398417,1.26569515,trailing_stop_loss,180
BTC/USDT,2025-10-11 08:20:00+00:00,2025-10-12 04:40:00+00:00,110681.82,111457.92,0.004999979659774737,0.49856423,roi,1220
BTC/USDT,2025-10-13 11:35:00+00:00,2025-10-13 23:35:00+00:00,114114.35,115388.1,0.00914174551558819,0.90849537,roi,720
ETH/USDT,2025-10-14 03:40:00+00:00,2025-10-14 06:30:00+00:00,4148.82,4024.36,-0.031936955424333655,-3.19645964,stop_loss,170
BTC/USDT,2025-10-14 00:15:00+00:00,2025-10-14 06:45:00+00:00,115226.15,111769.37,-0.03193802299068385,-3.16804695,stop_loss,390
ETH/USDT,2025-10-14 07:15:00+00:00,2025-10-14 15:50:00+00:00,4004.69,4072.9,0.015000496343651616,1.49729701,roi,515
BTC/USDT,2025-10-14 06:55:00+00:00,2025-10-14 18:55:00+00:00,112024.0,112910.09,0.0058960170561456636,0.58842876,roi,720
ETH/USDT,2025-10-15 15:10:00+00:00,2025-10-16 06:50:00+00:00,4020.71,4048.9,0.0049991891058358134,0.49898567,roi,940
BTC/USDT,2025-10-15 04:15:00+00:00,2025-10-16 15:45:00+00:00,112019.1,108658.53,-0.03193803520340932,-3.18731039,stop_loss,2130
ETH/USDT,2025-10-16 14:25:00+00:00,2025-10-16 16:00:00+00:00,3993.24,3873.45,-0.03193626249340407,-3.19141725,stop_loss,95
BTC/USDT,2025-10-16 16:45:00+00:00,2025-10-17 04:45:00+00:00,108084.0,108910.45,0.005633088224345748,0.56069911,roi,720
ETH/USDT,2025-10-16 16:45:00+00:00,2025-10-17 04:45:00+00:00,3894.16,3921.47,0.005001051581560119,0.49905587,roi,720
BTC/USDT,2025-10-17 08:35:00+00:00,2025-10-17 16:00:00+00:00,105448.0,107243.99,0.014999964857976956,1.48830013,roi,445
ETH/USDT,2025-10-17 08:35:00+00:00,2025-10-17 16:00:00+00:00,3744.7,3808.48,0.015000039843241456,1.50125609,roi,445
ETH/USDT,2025-10-18 00:20:00+00:00,2025-10-18 07:00:00+00:00,3829.05,3894.27,0.015000911671509267,1.50066335,roi,400
BTC/USDT,2025-10-18 00:20:00+00:00,2025-10-18 12:20:00+00:00,106475.53,107254.91,0.005307176913466595,0.52605409,roi,720
ETH/USDT,2025-10-19 00:55:00+00:00,2025-10-19 08:15:00+00:00,3869.83,3935.74,0.014999724396549651,1.49909429,roi,440
ETH/USDT,2025-10-20 00:50:00+00:00,2025-10-20 03:50:00+00:00,3937.21,3998.5,0.013537756210475852,1.34986354,trailing_stop_loss,180
BTC/USDT,2025-10-19 23:55:00+00:00,2025-10-20 05:55:00+00:00,108615.0,111110.0,0.020927146324190928,2.093253,roi,360
ETH/USDT,2025-10-20 08:30:00+00:00,2025-10-20 16:45:00+00:00,4048.61,3927.16,-0.03193601592775148,-3.18387394,stop_loss,495
BTC/USDT,2025-10-21 00:20:00+00:00,2025-10-21 14:50:00+00:00,110369.98,111143.9,0.00500003957556455,0.49716551,roi,870
ETH/USDT,2025-10-20 17:00:00+00:00,2025-10-21 14:55:00+00:00,3949.39,3977.08,0.0049991989277514805,0.50001731,roi,1315
ETH/USDT,2025-10-21 20:40:00+00:00,2025-10-22 00:30:00+00:00,3957.65,3838.93,-0.03193566635977446,-3.18821782,stop_loss,230
BTC/USDT,2025-10-21 20:40:00+00:00,2025-10-22 07:05:00+00:00,110960.81,107631.99,-0.03193802326306857,-3.19267152,stop_loss,625
ETH/USDT,2025-10-22 00:50:00+00:00,2025-10-22 13:55:00+00:00,3846.77,3873.74,0.004999066671958104,0.49856179,roi,785
BTC/USDT,2025-10-22 07:20:00+00:00,2025-10-23 03:20:00+00:00,107862.08,108618.41,0.004999998151981645,0.49666155,roi,1200
ETH/USDT,2025-10-22 21:40:00+00:00,2025-10-23 03:40:00+00:00,3740.02,3829.6,0.021905885984062817,2.18967715,roi,360
ETH/USDT,2025-10-23 14:25:00+00:00,2025-10-23 16:50:00+00:00,3833.53,3890.7,0.012885349436778538,1.28559002,trailing_stop_loss,145
ETH/USDT,2025-10-24 16:15:00+00:00,2025-10-25 04:15:00+00:00,3882.78,3926.09,0.009134090599207965,0.91237904,roi,720
ETH/USDT,2025-10-26 02:20:00+00:00,2025-10-26 09:25:00+00:00,3930.57,3997.52,0.015001118640712177,1.49915651,roi,425
BTC/USDT,2025-10-26 04:10:00+00:00,2025-10-26 11:40:00+00:00,111305.63,113201.39,0.014999990513812787,1.48741515,roi,450
BTC/USDT,2025-10-26 21:35:00+00:00,2025-10-27 04:20:00+00:00,113285.19,115214.67,0.015000026530459351,1.49686252,roi,405
BTC/USDT,2025-10-27 21:35:00+00:00,2025-10-28 13:25:00+00:00,114343.2,115144.98,0.005000035821946194,0.49789388,roi,950
ETH/USDT,2025-10-27 20:20:00+00:00,2025-10-28 19:45:00+00:00,4163.47,4038.57,-0.03193707915010098,-3.19444896,stop_loss,1405
ETH/USDT,2025-10-28 20:40:00+00:00,2025-10-29 13:05:00+00:00,3997.23,4025.26,0.00500034335715545,0.50018775,roi,985
BTC/USDT,2025-10-28 20:40:00+00:00,2025-10-29 18:35:00+00:00,113014.12,109623.7,-0.03193803013120844,-3.17949088,stop_loss,1315
ETH/USDT,2025-10-29 14:10:00+00:00,2025-10-29 18:35:00+00:00,3989.42,3869.74,-0.03193741151639794,-3.188479,stop_loss,265
ETH/USDT,2025-10-30 04:40:00+00:00,2025-10-30 13:35:00+00:00,3912.17,3794.81,-0.031936760918374704,-3.18920799,stop_loss,535
BTC/USDT,2025-10-30 00:15:00+00:00,2025-10-30 17:20:00+00:00,110150.92,106846.4,-0.03193799309982452,-3.16936559,stop_loss,1025
ETH/USDT,2025-10-30 13:55:00+00:00,2025-10-30 19:55:00+00:00,3800.7,3686.68,-0.03193779931435122,-3.19564409,stop_loss,360
ETH/USDT,2025-10-30 20:10:00+00:00,2025-10-30 23:35:00+00:00,3698.41,3798.46,0.025000113381336665,2.49893451,roi,205
BTC/USDT,2025-11-01 13:50:00+00:00,2025-11-02 04:55:00+00:00,109899.83,110670.45,0.005000009754339219,0.49504475,roi,905
ETH/USDT,2025-11-02 10:40:00+00:00,2025-11-02 23:35:00+00:00,3861.01,3888.08,0.00499910864490129,0.49847948,roi,775
ETH/USDT,2025-11-03 02:25:00+00:00,2025-11-03 04:05:00+00:00,3832.16,3717.2,-0.031936811883369436,-3.18524336,stop_loss,100
BTC/USDT,2025-11-02 16:25:00+00:00,2025-11-03 15:25:00+00:00,110019.58,106719.0,-0.031937994791515954,-3.16558672,stop_loss,1380
ETH/USDT,2025-11-03 04:25:00+00:00,2025-11-03 15:30:00+00:00,3738.01,3625.87,-0.03193798188184584,-3.1907536,stop_loss,665
BTC/USDT,2025-11-03 16:15:00+00:00,2025-11-04 04:15:00+00:00,106073.24,107193.8,0.008544912655406139,0.85285538,roi,720
ETH/USDT,2025-11-03 16:15:00+00:00,2025-11-04 04:15:00+00:00,3607.93,3646.21,0.008590761201779165,0.85941632,roi,720
ETH/USDT,2025-11-04 06:15:00+00:00,2025-11-04 15:00:00+00:00,3519.09,3579.03,0.015000778848719051,1.50070939,roi,525
BTC/USDT,2025-11-04 06:15:00+00:00,2025-11-04 17:05:00+00:00,104886.07,101739.49,-0.031938041936289005,-3.18554528,stop_loss,650
ETH/USDT,2025-11-04 17:35:00+00:00,2025-11-04 18:30:00+00:00,3406.11,3303.93,-0.03193709500664029,-3.19047817,stop_loss,55
ETH/USDT,2025-11-04 18:45:00+00:00,2025-11-04 20:15:00+00:00,3316.9,3217.4,-0.03193595575036077,-3.19163243,stop_loss,90
ETH/USDT,2025-11-04 20:40:00+00:00,2025-11-04 21:35:00+00:00,3186.37,3090.78,-0.031937717457473376,-3.1884418,stop_loss,55
ETH/USDT,2025-11-04 21:50:00+00:00,2025-11-04 21:55:00+00:00,3138.64,3184.34,0.012533352803552757,1.25218924,trailing_stop_loss,5
BTC/USDT,2025-11-04 17:35:00+00:00,2025-11-05 12:20:00+00:00,101602.51,102314.95,0.005000019451193051,0.49835209,roi,1125
ETH/USDT,2025-11-06 06:05:00+00:00,2025-11-06 15:50:00+00:00,3389.54,3287.86,-0.031936236435962065,-3.1965433,stop_loss,585
ETH/USDT,2025-11-06 16:25:00+00:00,2025-11-07 02:55:00+00:00,3295.49,3351.62,0.015000335805105625,1.49933157,roi,630
BTC/USDT,2025-11-06 01:35:00+00:00,2025-11-07 11:15:00+00:00,103082.33,99989.87,-0.0319379660502471,-3.19666623,stop_loss,2020
ETH/USDT,2025-11-07 10:00:00+00:00,2025-11-07 12:30:00+00:00,3301.47,3202.43,-0.03193682254827745,-3.18742578,stop_loss,150
ETH/USDT,2025-11-07 13:00:00+00:00,2025-11-07 15:05:00+00:00,3223.04,3266.3,0.011397291400021742,1.13989046,trailing_stop_loss,125
BTC/USDT,2025-11-07 11:40:00+00:00,2025-11-07 17:40:00+00:00,100044.98,102252.82,0.020026378768398426,1.98548678,roi,360
ETH/USDT,2025-11-08 12:10:00+00:00,2025-11-09 12:15:00+00:00,3415.49,3439.44,0.0050001586510698475,0.49917604,roi,1445
BTC/USDT,2025-11-08 06:20:00+00:00,2025-11-09 14:05:00+00:00,102333.56,103051.12,0.004999959504308237,0.49681006,roi,1905
BTC/USDT,2025-11-10 15:05:00+00:00,2025-11-11 01:15:00+00:00,105152.63,106943.59,0.014999971873788735,1.49992059,roi,610
ETH/USDT,2025-11-10 15:25:00+00:00,2025-11-11 01:15:00+00:00,3540.02,3600.31,0.014998947261560995,1.49882069,roi,590
ETH/USDT,2025-11-11 21:55:00+00:00,2025-11-12 08:35:00+00:00,3421.34,3479.61,0.014999307951776867,1.49997626,roi,640
BTC/USDT,2025-11-11 05:30:00+00:00,2025-11-12 15:50:00+00:00,105562.17,102395.31,-0.03193801370974766,-3.17232843,stop_loss,2060
ETH/USDT,2025-11-12 15:05:00+00:00,2025-11-12 16:10:00+00:00,3514.4,3408.97,-0.03193749400793337,-3.19083571,stop_loss,65
ETH/USDT,2025-11-12 16:35:00+00:00,2025-11-13 04:15:00+00:00,3419.01,3477.24,0.014999215425654659,1.4989455,roi,700
BTC/USDT,2025-11-12 16:35:00+00:00,2025-11-13 05:45:00+00:00,102072.02,102787.75,0.004999997716682658,0.49554412,roi,790
ETH/USDT,2025-11-13 14:25:00+00:00,2025-11-13 16:50:00+00:00,3435.49,3332.43,-0.031936696578811735,-3.19599247,stop_loss,145
BTC/USDT,2025-11-13 13:45:00+00:00,2025-11-13 18:05:00+00:00,102537.88,99461.75,-0.03193799963576278,-3.17978574,stop_loss,260
ETH/USDT,2025-11-13 17:30:00+00:00,2025-11-13 18:35:00+00:00,3308.73,3209.47,-0.031937488846937485,-3.19450164,stop_loss,65
ETH/USDT,2025-11-13 19:00:00+00:00,2025-11-14 04:35:00+00:00,3213.73,3117.32,-0.03193747195595855,-3.19524666,stop_loss,575
BTC/USDT,2025-11-13 19:05:00+00:00,2025-11-14 11:40:00+00:00,98793.47,95829.67,-0.03193802050624518,-3.19000737,stop_loss,995
ETH/USDT,2025-11-14 12:50:00+00:00,2025-11-14 14:35:00+00:00,3109.5,3162.16,0.014903359986336033,1.48906571,trailing_stop_loss,105
BTC/USDT,2025-11-14 12:00:00+00:00,2025-11-15 03:25:00+00:00,96167.45,96841.78,0.005000027837519119,0.49576039,roi,925
ETH/USDT,2025-11-15 21:05:00+00:00,2025-11-16 09:05:00+00:00,3177.04,3210.21,0.008421673635205728,0.84097835,roi,720
BTC/USDT,2025-11-15 21:10:00+00:00,2025-11-16 09:40:00+00:00,95516.74,96186.5,0.004999952683005614,0.49717903,roi,750
ETH/USDT,2025-11-16 12:05:00+00:00,2025-11-16 16:20:00+00:00,3175.88,3080.61,-0.03193605081499496,-3.18793179,stop_loss,255
ETH/USDT,2025-11-16 17:25:00+00:00,2025-11-17 00:25:00+00:00,3070.21,3122.5,0.01499937743918048,1.49816192,roi,420
ETH/USDT,2025-11-17 14:05:00+00:00,2025-11-17 14:35:00+00:00,3126.28,3178.78,0.014761566889100717,1.47361859,trailing_stop_loss,30
BTC/USDT,2025-11-16 11:50:00+00:00,2025-11-17 17:40:00+00:00,95674.28,92804.06,-0.03193797427944707,-3.18104627,stop_loss,1790
ETH/USDT,2025-11-17 20:20:00+00:00,2025-11-18 01:25:00+00:00,2980.14,3019.55,0.011199786895188963,1.11924538,trailing_stop_loss,305
BTC/USDT,2025-11-17 20:20:00+00:00,2025-11-18 14:30:00+00:00,91640.0,92282.58,0.004999991518938816,0.49993659,roi,1090
ETH/USDT,2025-11-18 22:05:00+00:00,2025-11-19 05:35:00+00:00,3102.79,3009.71,-0.03193687184547024,-3.1939985,stop_loss,450
ETH/USDT,2025-11-19 06:00:00+00:00,2025-11-19 08:25:00+00:00,3017.56,3099.19,0.02499960641668059,2.49948858,roi,145
ETH/USDT,2025-11-19 14:15:00+00:00,2025-11-19 15:50:00+00:00,3062.02,2970.16,-0.0319378664005049,-3.19128507,stop_loss,95
ETH/USDT,2025-11-19 16:15:00+00:00,2025-11-19 18:20:00+00:00,2980.07,2890.67,-0.03193735866458319,-3.19156979,stop_loss,125
BTC/USDT,2025-11-19 04:55:00+00:00,2025-11-19 19:35:00+00:00,91453.31,88709.72,-0.03193796042294815,-3.1868908,stop_loss,880
BTC/USDT,2025-11-20 07:00:00+00:00,2025-11-20 16:05:00+00:00,91974.69,89215.45,-0.03193805433041031,-3.17566455,stop_loss,545
ETH/USDT,2025-11-20 09:55:00+00:00,2025-11-20 16:05:00+00:00,3009.11,2918.84,-0.03193696745943091,-3.19377194,stop_loss,370
ETH/USDT,2025-11-20 17:55:00+00:00,2025-11-20 22:30:00+00:00,2829.24,2905.78,0.025001147177703027,2.49941579,roi,275
BTC/USDT,2025-11-20 18:00:00+00:00,2025-11-21 07:30:00+00:00,87233.8,84616.79,-0.03193801614977328,-3.17930107,stop_loss,810
ETH/USDT,2025-11-21 10:10:00+00:00,2025-11-21 13:20:00+00:00,2690.99,2734.38,0.014093959180792773,1.40848777,trailing_stop_loss,190
BTC/USDT,2025-11-21 10:35:00+00:00,2025-11-21 13:25:00+00:00,82450.71,83511.25,0.010839013478056752,1.08243943,trailing_stop_loss,170
ETH/USDT,2025-11-22 08:45:00+00:00,2025-11-22 21:25:00+00:00,2729.13,2748.27,0.005001209560904409,0.50005116,roi,760
ETH/USDT,2025-11-23 07:15:00+00:00,2025-11-23 14:00:00+00:00,2804.12,2851.88,0.015000049235388665,1.4989024,roi,405
ETH/USDT,2025-11-23 17:30:00+00:00,2025-11-24 02:10:00+00:00,2807.39,2855.21,0.015001579657719347,1.50080344,roi,520
BTC/USDT,2025-11-24 00:30:00+00:00,2025-11-24 16:00:00+00:00,86445.48,87051.64,0.005000037568340835,0.49756231,roi,930
ETH/USDT,2025-11-25 02:40:00+00:00,2025-11-25 16:30:00+00:00,2916.11,2936.56,0.005000753527675387,0.49922869,roi,830
ETH/USDT,2025-11-26 04:05:00+00:00,2025-11-26 16:15:00+00:00,2932.59,2953.15,0.004998857801329337,0.49892484,roi,730
BTC/USDT,2025-11-25 00:35:00+00:00,2025-11-26 17:25:00+00:00,88105.06,88722.85,0.004999957629319434,0.49828716,roi,2450
BTC/USDT,2025-11-27 13:30:00+00:00,2025-11-28 04:10:00+00:00,90715.05,91351.15,0.00500005478451723,0.49943718,roi,880
ETH/USDT,2025-11-27 13:30:00+00:00,2025-11-28 05:05:00+00:00,3000.39,3021.43,0.0050004088479086726,0.50010539,roi,935
BTC/USDT,2025-11-28 08:05:00+00:00,2025-11-28 14:20:00+00:00,91016.76,92566.96,0.01499999597184408,1.48961175,roi,375
BTC/USDT,2025-11-28 17:50:00+00:00,2025-11-29 16:20:00+00:00,90504.8,91139.42,0.00499999180772315,0.49827336,roi,1350
ETH/USDT,2025-11-29 18:10:00+00:00,2025-11-30 06:25:00+00:00,2975.6,2996.46,0.004998342120627182,0.50023478,roi,735
BTC/USDT,2025-11-30 03:25:00+00:00,2025-11-30 15:25:00+00:00,90719.81,91576.59,0.007427372149586624,0.74193196,roi,720
BTC/USDT,2025-11-30 23:45:00+00:00,2025-12-01 00:30:00+00:00,90654.27,87934.65,-0.031937972746096145,-3.18802981,stop_loss,45
BTC/USDT,2025-12-01 02:05:00+00:00,2025-12-01 15:30:00+00:00,87354.78,84734.14,-0.03193802310612608,-3.18371097,stop_loss,805
ETH/USDT,2025-12-01 03:45:00+00:00,2025-12-01 15:30:00+00:00,2831.25,2746.32,-0.03193541821416425,-3.19491722,stop_loss,705
BTC/USDT,2025-12-01 15:55:00+00:00,2025-12-01 21:55:00+00:00,84734.0,86420.0,0.01785980441537833,1.78751828,roi,360
ETH/USDT,2025-12-01 15:55:00+00:00,2025-12-01 22:00:00+00:00,2751.47,2798.33,0.014998866449182097,1.49956026,roi,365
ETH/USDT,2025-12-04 13:20:00+00:00,2025-12-04 19:20:00+00:00,3171.77,3076.62,-0.031937086568592454,-3.19404929,stop_loss,360
ETH/USDT,2025-12-04 19:30:00+00:00,2025-12-05 01:30:00+00:00,3093.6,3165.04,0.02104869531229034,2.10535793,roi,360
BTC/USDT,2025-12-04 15:05:00+00:00,2025-12-05 16:05:00+00:00,92212.7,89446.32,-0.03193805109918617,-3.18388214,stop_loss,1500
ETH/USDT,2025-12-05 10:00:00+00:00,2025-12-05 16:35:00+00:00,3121.79,3028.14,-0.03193687908867341,-3.19359776,stop_loss,395
BTC/USDT,2025-12-05 16:55:00+00:00,2025-12-06 04:55:00+00:00,88762.3,89615.87,0.007599141899704027,0.75621485,roi,720
ETH/USDT,2025-12-05 17:00:00+00:00,2025-12-06 14:15:00+00:00,3032.77,3054.04,0.005001375622832331,0.49952695,roi,1275
ETH/USDT,2025-12-07 07:50:00+00:00,2025-12-07 14:25:00+00:00,3036.99,2945.89,-0.031934874347681275,-3.19402675,stop_loss,395
ETH/USDT,2025-12-07 15:10:00+00:00,2025-12-07 15:55:00+00:00,2960.02,3008.54,0.014361028347179734,1.43398353,trailing_stop_loss,45
BTC/USDT,2025-12-07 07:50:00+00:00,2025-12-07 17:30:00+00:00,89355.94,90877.85,0.014999963867381077,1.48926059,roi,580
ETH/USDT,2025-12-07 22:35:00+00:00,2025-12-08 01:55:00+00:00,3059.37,3103.39,0.012361832814221154,1.23414602,trailing_stop_loss,200
BTC/USDT,2025-12-07 22:30:00+00:00,2025-12-08 04:30:00+00:00,89694.59,91251.49,0.015325108678007666,1.52730885,roi,360
BTC/USDT,2025-12-08 15:35:00+00:00,2025-12-09 13:30:00+00:00,90150.98,90783.12,0.005000002716056385,0.49632649,roi,1315
BTC/USDT,2025-12-09 22:00:00+00:00,2025-12-10 10:00:00+00:00,92640.01,93289.6,0.004999969185323236,0.49611662,roi,720
ETH/USDT,2025-12-11 01:30:00+00:00,2025-12-11 03:10:00+00:00,3266.64,3168.65,-0.03193525117563633,-3.19541387,stop_loss,100
ETH/USDT,2025-12-11 03:50:00+00:00,2025-12-11 18:40:00+00:00,3186.51,3208.85,0.004998795304228564,0.49906723,roi,890
BTC/USDT,2025-12-11 00:55:00+00:00,2025-12-11 21:05:00+00:00,91438.78,92079.95,0.005000001880854741,0.49883988,roi,1210
ETH/USDT,2025-12-12 16:30:00+00:00,2025-12-13 08:15:00+00:00,3085.06,3106.69,0.0049991984508655175,0.5001993,roi,945
BTC/USDT,2025-12-12 16:30:00+00:00,2025-12-14 23:30:00+00:00,90409.16,87696.89,-0.03193800900240058,-3.17941366,stop_loss,3300
ETH/USDT,2025-12-13 13:35:00+00:00,2025-12-15 02:05:00+00:00,3105.18,3126.95,0.0049988559530359435,0.50031941,roi,2190
ETH/USDT,2025-12-15 15:45:00+00:00,2025-12-15 18:30:00+00:00,3013.36,2922.96,-0.03193779696409235,-3.18873219,stop_loss,165
ETH/USDT,2025-12-15 18:45:00+00:00,2025-12-16 06:45:00+00:00,2919.05,2941.13,0.005550989625657033,0.55471784,roi,720
BTC/USDT,2025-12-15 15:45:00+00:00,2025-12-16 15:50:00+00:00,87203.55,87815.02,0.004999973216803115,0.49755463,roi,1445
ETH/USDT,2025-12-16 14:10:00+00:00,2025-12-17 01:15:00+00:00,2921.39,2971.15,0.015000953760098875,1.50026713,roi,665
BTC/USDT,2025-12-17 05:45:00+00:00,2025-12-17 14:50:00+00:00,86488.04,87961.11,0.015000033861852663,1.49341398,roi,545
ETH/USDT,2025-12-17 05:10:00+00:00,2025-12-17 14:55:00+00:00,2934.02,2983.99,0.0149992099637978,1.49776766,roi,585
ETH/USDT,2025-12-17 16:50:00+00:00,2025-12-18 12:35:00+00:00,2851.08,2871.07,0.0049993673988791626,0.49937475,roi,1185
ETH/USDT,2025-12-18 17:45:00+00:00,2025-12-19 03:25:00+00:00,2843.45,2891.88,0.015000094275405822,1.49858292,roi,580
BTC/USDT,2025-12-18 17:35:00+00:00,2025-12-19 05:35:00+00:00,86261.91,86866.78,0.005000005251917536,0.49650251,roi,720
ETH/USDT,2025-12-20 07:25:00+00:00,2025-12-21 08:40:00+00:00,2978.36,2999.24,0.004998560445182076,0.4992304,roi,1515
BTC/USDT,2025-12-21 02:05:00+00:00,2025-12-21 23:00:00+00:00,88081.12,88698.75,0.0050000468093541785,0.49816065,roi,1255
ETH/USDT,2025-12-21 14:05:00+00:00,2025-12-21 23:00:00+00:00,2960.5,3010.92,0.014998877197348963,1.49791715,roi,535
ETH/USDT,2025-12-22 19:20:00+00:00,2025-12-23 14:50:00+00:00,3007.53,2917.31,-0.03193610413494529,-3.19200869,stop_loss,1170
ETH/USDT,2025-12-23 15:20:00+00:00,2025-12-23 22:05:00+00:00,2927.75,2977.62,0.01500152308182756,1.49919388,roi,405
ETH/USDT,2025-12-24 02:55:00+00:00,2025-12-24 22:05:00+00:00,2938.42,2959.02,0.004998561175009743,0.49988704,roi,1150
BTC/USDT,2025-12-22 20:35:00+00:00,2025-12-26 02:20:00+00:00,88212.51,88831.06,0.0050000319485304125,0.49890227,roi,4665
ETH/USDT,2025-12-25 23:15:00+00:00,2025-12-26 03:15:00+00:00,2923.49,2964.44,0.011981242569737108,1.19912279,trailing_stop_loss,240
ETH/USDT,2025-12-26 08:05:00+00:00,2025-12-29 01:40:00+00:00,2961.21,2981.97,0.0049986383483245685,0.49932683,roi,3935
BTC/USDT,2025-12-26 08:05:00+00:00,2025-12-29 02:15:00+00:00,88690.53,89312.43,0.005000010509940053,0.49716468,roi,3970
BTC/USDT,2025-12-29 07:35:00+00:00,2025-12-29 12:10:00+00:00,89617.3,86928.79,-0.03193796171268155,-3.18021226,stop_loss,275
ETH/USDT,2025-12-29 10:10:00+00:00,2025-12-30 08:10:00+00:00,2977.36,2998.24,0.005000910366737811,0.4992974,roi,1320
BTC/USDT,2025-12-29 12:30:00+00:00,2025-12-30 08:10:00+00:00,87268.34,87880.27,0.0050000382833452345,0.49793078,roi,1180
BTC/USDT,2025-12-31 15:40:00+00:00,2026-01-01 22:55:00+00:00,88056.69,88674.14,0.004999948206687539,0.49801266,roi,1875
BTC/USDT,2026-01-02 14:40:00+00:00,2026-01-03 02:40:00+00:00,89120.0,90299.99,0.011216005817886909,1.12063841,roi,720
BTC/USDT,2026-01-03 07:40:00+00:00,2026-01-03 20:30:00+00:00,89540.27,90168.13,0.005000028475499345,0.49744828,roi,770
ETH/USDT,2026-01-03 05:50:00+00:00,2026-01-04 00:00:00+00:00,3109.9,3131.71,0.005001073087224248,0.49974532,roi,1090
ETH/USDT,2026-01-05 04:55:00+00:00,2026-01-05 17:40:00+00:00,3166.74,3188.95,0.0050015068136453,0.49941077,roi,765
ETH/USDT,2026-01-07 01:05:00+00:00,2026-01-07 14:30:00+00:00,3266.35,3168.36,-0.031937909207824626,-3.19539613,stop_loss,805
BTC/USDT,2026-01-06 07:55:00+00:00,2026-01-08 06:05:00+00:00,93299.74,90500.75,-0.03193803836222912,-3.19158582,stop_loss,2770
ETH/USDT,2026-01-07 15:45:00+00:00,2026-01-08 14:25:00+00:00,3161.94,3067.09,-0.031935473794973926,-3.19409735,stop_loss,1360
BTC/USDT,2026-01-08 06:40:00+00:00,2026-01-08 18:40:00+00:00,90391.27,91121.67,0.006066279685100698,0.60377577,roi,720
ETH/USDT,2026-01-08 14:50:00+00:00,2026-01-08 22:10:00+00:00,3077.79,3130.21,0.014999669946888568,1.4972688,roi,440
BTC/USDT,2026-01-09 09:00:00+00:00,2026-01-09 15:25:00+00:00,90033.52,91566.97,0.014999957954537537,1.50055296,roi,385
ETH/USDT,2026-01-09 09:00:00+00:00,2026-01-09 15:25:00+00:00,3082.49,3134.99,0.01499965410364687,1.49955365,roi,385
ETH/USDT,2026-01-09 19:40:00+00:00,2026-01-10 09:45:00+00:00,3076.9,3098.48,0.005001537511531337,0.50065015,roi,845
ETH/USDT,2026-01-10 22:30:00+00:00,2026-01-11 10:30:00+00:00,3082.92,3106.07,0.005496109471128825,0.54953672,roi,720
BTC/USDT,2026-01-09 19:40:00+00:00,2026-01-11 12:45:00+00:00,90373.69,91007.39,0.004999984521277017,0.49755081,roi,2465
BTC/USDT,2026-01-11 20:30:00+00:00,2026-01-12 02:45:00+00:00,90533.25,92075.22,0.0150000527292346,1.49529768,roi,375
ETH/USDT,2026-01-11 20:35:00+00:00,2026-01-12 02:45:00+00:00,3109.04,3161.99,0.014998950722957004,1.49839494,roi,370
BTC/USDT,2026-01-12 08:10:00+00:00,2026-01-13 05:20:00+00:00,91560.0,92202.02,0.005000001981978005,0.4995012,roi,1270
ETH/USDT,2026-01-12 08:10:00+00:00,2026-01-13 14:35:00+00:00,3141.42,3163.45,0.005000738663967275,0.50005913,roi,1825
BTC/USDT,2026-01-14 06:40:00+00:00,2026-01-14 14:45:00+00:00,94777.57,96391.82,0.014999951471358006,1.49423464,roi,485
ETH/USDT,2026-01-14 12:10:00+00:00,2026-01-14 16:30:00+00:00,3291.84,3380.89,0.02499968862156262,2.49603128,roi,260
ETH/USDT,2026-01-15 01:00:00+00:00,2026-01-15 13:00:00+00:00,3331.35,3369.41,0.00940396898792144,0.9407772,roi,720
ETH/USDT,2026-01-15 16:00:00+00:00,2026-01-18 18:25:00+00:00,3330.66,3354.01,0.0049986132834577285,0.4999599,roi,4465
BTC/USDT,2026-01-15 20:40:00+00:00,2026-01-19 00:00:00+00:00,95318.04,92458.5,-0.0319380493576593,-3.1692092,stop_loss,4520
ETH/USDT,2026-01-19 02:00:00+00:00,2026-01-20 06:50:00+00:00,3206.87,3110.67,-0.03193616353224047,-3.18829549,stop_loss,1730
BTC/USDT,2026-01-19 00:45:00+00:00,2026-01-20 15:00:00+00:00,92977.89,90188.56,-0.031937990006833394,-3.1805712,stop_loss,2295
ETH/USDT,2026-01-20 07:10:00+00:00,2026-01-20 15:00:00+00:00,3124.0,3030.28,-0.03193806193806194,-3.19597696,stop_loss,470
ETH/USDT,2026-01-20 15:25:00+00:00,2026-01-20 22:30:00+00:00,3030.09,2939.19,-0.03193717265576517,-3.19668624,stop_loss,425
ETH/USDT,2026-01-20 23:00:00+00:00,2026-01-21 05:45:00+00:00,2951.53,3001.8,0.01499981288369848,1.49790345,roi,405
ETH/USDT,2026-01-21 12:50:00+00:00,2026-01-21 15:15:00+00:00,2923.66,3002.75,0.02499965781209874,2.50219478,roi,145
BTC/USDT,2026-01-20 15:15:00+00:00,2026-01-21 16:55:00+00:00,90304.51,87595.38,-0.03193800337506872,-3.17573288,stop_loss,1540
BTC/USDT,2026-01-21 17:20:00+00:00,2026-01-21 19:25:00+00:00,87773.0,88839.68,0.010130428952452659,1.00577607,trailing_stop_loss,125
ETH/USDT,2026-01-22 15:40:00+00:00,2026-01-23 03:40:00+00:00,2926.39,2961.31,0.009910947174948212,0.99000143,roi,720
ETH/USDT,2026-01-23 07:15:00+00:00,2026-01-23 17:25:00+00:00,2941.81,2991.92,0.015001695477862504,1.49757555,roi,610
BTC/USDT,2026-01-23 08:45:00+00:00,2026-01-23 17:25:00+00:00,89359.77,90881.75,0.015000017115062846,1.48932971,roi,520
ETH/USDT,2026-01-24 21:40:00+00:00,2026-01-25 18:10:00+00:00,2953.41,2864.81,-0.03193728477323537,-3.19133584,stop_loss,1230
BTC/USDT,2026-01-24 07:30:00+00:00,2026-01-25 18:40:00+00:00,89604.89,86916.75,-0.03193798731073538,-3.17977442,stop_loss,2110
ETH/USDT,2026-01-25 19:00:00+00:00,2026-01-26 01:50:00+00:00,2848.2,2896.71,0.014999777986387615,1.50105466,roi,410
BTC/USDT,2026-01-25 20:10:00+00:00,2026-01-26 08:00:00+00:00,86669.52,88145.68,0.01500002255977367,1.49654652,roi,710
ETH/USDT,2026-01-27 08:45:00+00:00,2026-01-27 16:10:00+00:00,2924.58,2974.39,0.01499947436872104,1.49736612,roi,445
BTC/USDT,2026-01-27 08:55:00+00:00,2026-01-27 20:55:00+00:00,88228.53,89457.12,0.011899263191654878,1.18752192,roi,720
ETH/USDT,2026-01-29 03:05:00+00:00,2026-01-29 15:00:00+00:00,2963.81,2874.9,-0.031936614031597095,-3.19303153,stop_loss,715
BTC/USDT,2026-01-29 03:15:00+00:00,2026-01-29 15:10:00+00:00,88081.77,85439.32,-0.03193802679674818,-3.18204733,stop_loss,715
ETH/USDT,2026-01-29 16:00:00+00:00,2026-01-30 01:40:00+00:00,2824.31,2739.59,-0.031934775677495135,-3.19605006,stop_loss,580
BTC/USDT,2026-01-29 16:50:00+00:00,2026-01-30 01:40:00+00:00,84828.72,82283.86,-0.03193804312830257,-3.17300792,stop_loss,530
BTC/USDT,2026-01-30 02:45:00+00:00,2026-01-30 14:35:00+00:00,81984.95,83381.32,0.01499999638127983,1.48951451,roi,710
ETH/USDT,2026-01-30 02:40:00+00:00,2026-01-30 14:40:00+00:00,2732.93,2752.09,0.0049987810450025,0.49913677,roi,720
ETH/USDT,2026-01-30 18:30:00+00:00,2026-01-30 18:45:00+00:00,2675.86,2710.39,0.010880477864518215,1.08706188,trailing_stop_loss,15
ETH/USDT,2026-01-31 02:30:00+00:00,2026-01-31 08:40:00+00:00,2691.87,2611.12,-0.031935800393016835,-3.19256593,stop_loss,370
ETH/USDT,2026-01-31 08:55:00+00:00,2026-01-31 14:25:00+00:00,2645.4,2566.04,-0.031937307399295324,-3.19680043,stop_loss,330
BTC/USDT,2026-01-31 08:55:00+00:00,2026-01-31 16:15:00+00:00,83036.49,80545.4,-0.03193800546958177,-3.18560627,stop_loss,440
ETH/USDT,2026-01-31 15:15:00+00:00,2026-01-31 16:55:00+00:00,2546.5,2470.11,-0.03193610236179669,-3.19113911,stop_loss,100
BTC/USDT,2026-01-31 17:45:00+00:00,2026-01-31 18:40:00+00:00,78907.28,76540.07,-0.03193795568665343,-3.17854826,stop_loss,55
ETH/USDT,2026-01-31 18:10:00+00:00,2026-01-31 18:40:00+00:00,2410.09,2337.79,-0.031936943866265645,-3.18978223,stop_loss,30
ETH/USDT,2026-01-31 18:50:00+00:00,2026-01-31 19:20:00+00:00,2369.51,2409.33,0.014773583483001899,1.47873695,trailing_stop_loss,30
BTC/USDT,2026-01-31 18:50:00+00:00,2026-02-01 07:40:00+00:00,78008.27,78555.26,0.004999936959474711,0.49974588,roi,770
ETH/USDT,2026-02-01 14:45:00+00:00,2026-02-01 21:55:00+00:00,2351.16,2280.63,-0.03193602442163603,-3.19437607,stop_loss,430
BTC/USDT,2026-02-01 14:45:00+00:00,2026-02-02 03:15:00+00:00,77887.63,75551.01,-0.031937947907202266,-3.18727506,stop_loss,750
ETH/USDT,2026-02-02 03:50:00+00:00,2026-02-02 06:35:00+00:00,2229.31,2162.44,-0.031933898578734875,-3.1925264,stop_loss,165
BTC/USDT,2026-02-02 03:50:00+00:00,2026-02-02 09:50:00+00:00,75923.18,77793.08,0.022581631475220458,2.2482007,roi,360
ETH/USDT,2026-02-03 03:10:00+00:00,2026-02-03 05:10:00+00:00,2301.39,2331.45,0.011037572141047114,1.10353874,trailing_stop_loss,120
ETH/USDT,2026-02-03 09:35:00+00:00,2026-02-03 17:15:00+00:00,2285.68,2217.11,-0.03193788725508772,-3.19328092,stop_loss,460
BTC/USDT,2026-02-03 03:10:00+00:00,2026-02-03 17:35:00+00:00,77998.72,75658.76,-0.03193804142186292,-3.19183037,stop_loss,865
ETH/USDT,2026-02-03 17:25:00+00:00,2026-02-03 18:15:00+00:00,2232.89,2165.91,-0.0319350673376174,-3.19063236,stop_loss,50
ETH/USDT,2026-02-03 19:10:00+00:00,2026-02-03 19:15:00+00:00,2142.72,2174.98,0.01302754704972447,1.30211118,trailing_stop_loss,5
BTC/USDT,2026-02-03 19:15:00+00:00,2026-02-03 20:30:00+00:00,74582.29,75830.05,0.014698548479955588,1.47044586,trailing_stop_loss,75
ETH/USDT,2026-02-04 13:55:00+00:00,2026-02-04 15:35:00+00:00,2211.94,2145.59,-0.03193436223193227,-3.19598036,stop_loss,100
BTC/USDT,2026-02-04 11:25:00+00:00,2026-02-04 16:10:00+00:00,75966.0,73687.02,-0.03193806197620881,-3.18150926,stop_loss,285
ETH/USDT,2026-02-04 16:30:00+00:00,2026-02-04 18:40:00+00:00,2137.93,2163.78,0.010068974743133584,1.00630514,trailing_stop_loss,130
ETH/USDT,2026-02-04 22:00:00+00:00,2026-02-05 11:20:00+00:00,2129.8,2065.91,-0.03193618758991124,-3.1932198,stop_loss,800
ETH/USDT,2026-02-05 11:40:00+00:00,2026-02-05 15:00:00+00:00,2086.91,2024.31,-0.03193457095240684,-3.19546744,stop_loss,200
BTC/USDT,2026-02-05 12:30:00+00:00,2026-02-05 15:20:00+00:00,69640.87,67551.65,-0.03193797448471514,-3.1837699,stop_loss,170
ETH/USDT,2026-02-05 15:45:00+00:00,2026-02-05 16:50:00+00:00,1964.84,1998.15,0.014921160169287604,1.49082811,trailing_stop_loss,65
BTC/USDT,2026-02-05 15:40:00+00:00,2026-02-05 18:20:00+00:00,67562.06,65535.2,-0.031938035301165436,-3.19673674,stop_loss,160
ETH/USDT,2026-02-05 21:00:00+00:00,2026-02-05 21:00:00+00:00,1869.6,1888.3,0.0079841532023817,0.79790814,trailing_stop_loss,0
BTC/USDT,2026-02-05 21:00:00+00:00,2026-02-06 00:05:00+00:00,63775.66,61862.4,-0.03193790854529474,-3.18068097,stop_loss,185
BTC/USDT,2026-02-06 00:25:00+00:00,2026-02-06 00:30:00+00:00,61060.22,61807.52,0.010216282372049957,1.01782458,trailing_stop_loss,5
ETH/USDT,2026-02-07 07:30:00+00:00,2026-02-07 12:15:00+00:00,2023.8,2054.46,0.013121447226047822,1.31313796,trailing_stop_loss,285
BTC/USDT,2026-02-07 07:45:00+00:00,2026-02-07 12:15:00+00:00,68476.92,69300.0,0.009997798728798735,1.0005425,trailing_stop_loss,270
ETH/USDT,2026-02-08 17:05:00+00:00,2026-02-08 23:05:00+00:00,2089.85,2125.44,0.014997902564856731,1.49971114,roi,360
ETH/USDT,2026-02-09 10:55:00+00:00,2026-02-09 15:15:00+00:00,2023.09,2052.74,0.012628514509520962,1.263364,trailing_stop_loss,260
BTC/USDT,2026-02-09 10:55:00+00:00,2026-02-09 16:55:00+00:00,68762.18,70073.28,0.017031069179111947,1.69978358,roi,360
ETH/USDT,2026-02-10 04:05:00+00:00,2026-02-10 06:45:00+00:00,2068.56,2006.51,-0.031934781185137366,-3.19384088,stop_loss,160
BTC/USDT,2026-02-10 03:50:00+00:00,2026-02-10 17:40:00+00:00,69501.48,69988.83,0.00500006877734927,0.49743936,roi,830
ETH/USDT,2026-02-10 07:25:00+00:00,2026-02-11 00:15:00+00:00,2012.74,2026.85,0.0049983354685226335,0.49949234,roi,1010
BTC/USDT,2026-02-11 05:00:00+00:00,2026-02-11 14:10:00+00:00,67584.47,68735.57,0.014999987319434223,1.49172654,roi,550
ETH/USDT,2026-02-11 05:05:00+00:00,2026-02-11 14:10:00+00:00,1976.7,2010.37,0.015001404676666026,1.49898796,roi,545
ETH/USDT,2026-02-11 23:40:00+00:00,2026-02-12 06:25:00+00:00,1943.65,1976.75,0.014997787436240861,1.49983144,roi,405
BTC/USDT,2026-02-11 23:40:00+00:00,2026-02-12 11:25:00+00:00,67072.0,68214.37,0.014999963521576279,1.50055461,roi,705
ETH/USDT,2026-02-12 16:40:00+00:00,2026-02-12 23:25:00+00:00,1918.52,1951.2,0.015001927808856758,1.50101559,roi,405
BTC/USDT,2026-02-12 16:40:00+00:00,2026-02-13 09:10:00+00:00,66366.01,66831.37,0.005000011138394326,0.49824393,roi,990
ETH/USDT,2026-02-13 06:45:00+00:00,2026-02-13 12:50:00+00:00,1929.85,1962.72,0.015000379014606617,1.50103087,roi,365
BTC/USDT,2026-02-14 13:10:00+00:00,2026-02-15 04:05:00+00:00,69666.44,70154.94,0.004999972613578888,0.49861043,roi,895
ETH/USDT,2026-02-14 13:10:00+00:00,2026-02-15 05:15:00+00:00,2072.97,2087.51,0.005002074688126794,0.50029286,roi,965
ETH/USDT,2026-02-15 13:25:00+00:00,2026-02-15 17:45:00+00:00,2024.55,1963.82,-0.03193485775281053,-3.19061564,stop_loss,260
ETH/USDT,2026-02-15 18:10:00+00:00,2026-02-16 09:00:00+00:00,1975.1,1988.95,0.005000290580767519,0.50022907,roi,890
BTC/USDT,2026-02-15 13:20:00+00:00,2026-02-16 13:00:00+00:00,69620.06,70108.24,0.005000047338439442,0.49828593,roi,1420
ETH/USDT,2026-02-16 11:30:00+00:00,2026-02-16 13:20:00+00:00,1972.48,2003.28,0.013585659919730564,1.35730654,trailing_stop_loss,110
BTC/USDT,2026-02-16 15:55:00+00:00,2026-02-16 21:55:00+00:00,67634.51,68786.46,0.014999953613890102,1.49282767,roi,360
ETH/USDT,2026-02-17 05:45:00+00:00,2026-02-17 16:35:00+00:00,1973.54,2007.15,0.014998282461304408,1.49924309,roi,650
BTC/USDT,2026-02-17 15:05:00+00:00,2026-02-18 03:30:00+00:00,67098.03,67568.52,0.004999967386564506,0.50037694,roi,745
ETH/USDT,2026-02-18 01:25:00+00:00,2026-02-18 07:40:00+00:00,1976.87,2010.54,0.014999942920803115,1.4989708,roi,375
ETH/USDT,2026-02-18 11:50:00+00:00,2026-02-18 19:35:00+00:00,1988.21,1928.57,-0.031934899629761634,-3.19055036,stop_loss,465
BTC/USDT,2026-02-18 14:00:00+00:00,2026-02-20 05:30:00+00:00,67236.89,67708.36,0.005000061148553442,0.49805663,roi,2370
ETH/USDT,2026-02-19 12:10:00+00:00,2026-02-20 07:40:00+00:00,1952.32,1966.01,0.005000157768122612,0.5003095,roi,1170
BTC/USDT,2026-02-20 12:10:00+00:00,2026-02-21 00:10:00+00:00,67423.48,67976.85,0.006192977829120015,0.61859511,roi,720
ETH/USDT,2026-02-21 21:10:00+00:00,2026-02-23 01:00:00+00:00,1978.11,1918.77,-0.03193639701215114,-3.19346244,stop_loss,1670
BTC/USDT,2026-02-21 23:20:00+00:00,2026-02-23 01:05:00+00:00,68026.61,65985.82,-0.031937940149783385,-3.19695957,stop_loss,1545
BTC/USDT,2026-02-23 02:30:00+00:00,2026-02-23 09:25:00+00:00,64759.75,65862.74,0.014999997944249983,1.49744597,roi,415
ETH/USDT,2026-02-23 02:30:00+00:00,2026-02-23 09:30:00+00:00,1864.47,1896.23,0.015002294845896512,1.50076248,roi,420
ETH/USDT,2026-02-23 14:55:00+00:00,2026-02-23 17:35:00+00:00,1907.63,1850.41,-0.03193340582470526,-3.1952493,stop_loss,160
BTC/USDT,2026-02-23 14:55:00+00:00,2026-02-23 20:10:00+00:00,65944.03,63965.71,-0.031938048343477805,-3.18342691,stop_loss,315
ETH/USDT,2026-02-23 18:00:00+00:00,2026-02-24 13:30:00+00:00,1863.92,1808.01,-0.031933992676554654,-3.19359145,stop_loss,1170
BTC/USDT,2026-02-24 04:25:00+00:00,2026-02-24 16:00:00+00:00,63278.35,64356.11,0.015000017567036283,1.50119835,roi,695
ETH/USDT,2026-02-25 05:50:00+00:00,2026-02-25 11:50:00+00:00,1889.87,1922.89,0.015439190004392242,1.545063,roi,360
BTC/USDT,2026-02-25 06:05:00+00:00,2026-02-25 12:50:00+00:00,64990.99,66097.92,0.01500002116105617,1.49303687,roi,405
ETH/USDT,2026-02-25 23:55:00+00:00,2026-02-26 12:15:00+00:00,2052.7,2067.09,0.004998270624782069,0.50015923,roi,740
ETH/USDT,2026-02-26 15:40:00+00:00,2026-02-27 03:55:00+00:00,2025.31,2039.51,0.004999261774246954,0.49966437,roi,735
BTC/USDT,2026-02-25 23:00:00+00:00,2026-02-27 11:15:00+00:00,68432.13,66379.17,-0.03193800508115426,-3.1941461,stop_loss,2175
ETH/USDT,2026-02-27 12:10:00+00:00,2026-02-27 22:30:00+00:00,1963.21,1904.32,-0.03193485934959346,-3.19435828,stop_loss,620
BTC/USDT,2026-02-27 12:10:00+00:00,2026-02-28 06:30:00+00:00,66136.41,64152.32,-0.03193802720792989,-3.19271188,stop_loss,1100
ETH/USDT,2026-02-27 22:40:00+00:00,2026-02-28 06:55:00+00:00,1906.87,1849.67,-0.031934869410030035,-3.1941227,stop_loss,495
ETH/USDT,2026-02-28 07:15:00+00:00,2026-02-28 13:45:00+00:00,1862.92,1894.65,0.01500036799849788,1.49932225,roi,390
BTC/USDT,2026-02-28 07:15:00+00:00,2026-02-28 13:50:00+00:00,63769.72,64855.85,0.015000032642539027,1.49370691,roi,395
ETH/USDT,2026-03-01 21:15:00+00:00,2026-03-01 22:10:00+00:00,1922.57,1951.3,0.012915679897896411,1.29251876,trailing_stop_loss,55
BTC/USDT,2026-03-01 17:25:00+00:00,2026-03-02 05:25:00+00:00,66002.04,66635.1,0.007574355853079134,0.75563852,roi,720
BTC/USDT,2026-03-02 07:25:00+00:00,2026-03-02 14:45:00+00:00,65744.56,66864.32,0.014999947576918684,1.5004697,roi,440
ETH/USDT,2026-03-02 07:25:00+00:00,2026-03-02 14:45:00+00:00,1936.85,1969.84,0.015000777459120573,1.5006988,roi,440
ETH/USDT,2026-03-03 02:30:00+00:00,2026-03-03 08:45:00+00:00,2013.9,1953.49,-0.03193459299990681,-3.19311854,stop_loss,375
ETH/USDT,2026-03-03 09:10:00+00:00,2026-03-03 16:05:00+00:00,1966.49,1999.98,0.014998314705579214,1.49979532,roi,415
BTC/USDT,2026-03-03 10:25:00+00:00,2026-03-03 16:05:00+00:00,66638.63,68441.34,0.024999974778354077,2.50144505,roi,340
ETH/USDT,2026-03-04 00:50:00+00:00,2026-03-04 08:00:00+00:00,1978.08,2011.77,0.014999635818263423,1.49985758,roi,430
ETH/USDT,2026-03-04 23:40:00+00:00,2026-03-05 16:05:00+00:00,2129.85,2065.96,-0.03193548476610694,-3.19322449,stop_loss,985
BTC/USDT,2026-03-04 23:40:00+00:00,2026-03-06 01:25:00+00:00,72701.1,70520.07,-0.03193802072657177,-3.1842241,stop_loss,1545
BTC/USDT,2026-03-06 01:35:00+00:00,2026-03-06 14:05:00+00:00,70850.89,68725.37,-0.03193796759620614,-3.19378573,stop_loss,750
ETH/USDT,2026-03-06 05:55:00+00:00,2026-03-06 14:10:00+00:00,2067.05,2005.04,-0.03193733774612306,-3.19176495,stop_loss,495
ETH/USDT,2026-03-06 15:15:00+00:00,2026-03-08 13:25:00+00:00,1984.97,1925.43,-0.03193348664564854,-3.19155512,stop_loss,2770
BTC/USDT,2026-03-06 15:05:00+00:00,2026-03-08 22:00:00+00:00,68587.93,66530.3,-0.031937946952419916,-3.17948493,stop_loss,3295
ETH/USDT,2026-03-08 22:30:00+00:00,2026-03-09 03:05:00+00:00,1929.83,1982.04,0.025002140107023514,2.50184313,roi,275
BTC/USDT,2026-03-08 22:30:00+00:00,2026-03-09 04:30:00+00:00,65915.09,67575.86,0.02314725352996487,2.30619137,roi,360
ETH/USDT,2026-03-09 23:10:00+00:00,2026-03-10 03:40:00+00:00,2006.47,2033.65,0.011521110784872036,1.15236602,trailing_stop_loss,270
ETH/USDT,2026-03-10 13:50:00+00:00,2026-03-10 15:05:00+00:00,2039.62,2064.88,0.010361913314424077,1.0366195,trailing_stop_loss,75
ETH/USDT,2026-03-10 22:25:00+00:00,2026-03-11 13:20:00+00:00,2028.86,2043.09,0.0050017754295033166,0.49977606,roi,895
BTC/USDT,2026-03-10 18:50:00+00:00,2026-03-11 13:30:00+00:00,70189.81,70681.98,0.004999974554762323,0.49884346,roi,1120
BTC/USDT,2026-03-12 03:10:00+00:00,2026-03-12 11:20:00+00:00,69367.25,70548.72,0.015000068681741231,1.4998378,roi,490
ETH/USDT,2026-03-12 00:10:00+00:00,2026-03-12 12:40:00+00:00,2053.23,2067.63,0.005001325311776014,0.50059412,roi,750
ETH/USDT,2026-03-13 16:35:00+00:00,2026-03-15 20:35:00+00:00,2124.07,2138.96,0.00499811853957433,0.49946759,roi,3120
BTC/USDT,2026-03-13 16:35:00+00:00,2026-03-15 21:35:00+00:00,71637.07,72139.39,0.005000000058826125,0.49837552,roi,3180
ETH/USDT,2026-03-17 04:00:00+00:00,2026-03-17 16:25:00+00:00,2320.01,2336.28,0.0050008870086461765,0.5005509,roi,745
ETH/USDT,2026-03-18 11:10:00+00:00,2026-03-18 12:30:00+00:00,2311.46,2242.12,-0.03193642128016939,-3.19220266,stop_loss,80
BTC/USDT,2026-03-17 04:00:00+00:00,2026-03-18 13:00:00+00:00,74463.98,72230.07,-0.031937935984786114,-3.19000943,stop_loss,1980
ETH/USDT,2026-03-18 13:25:00+00:00,2026-03-18 15:00:00+00:00,2240.31,2173.11,-0.03193391900097749,-3.19395853,stop_loss,95
ETH/USDT,2026-03-18 15:35:00+00:00,2026-03-19 03:20:00+00:00,2190.33,2227.64,0.015001927048886088,1.49987657,roi,705
BTC/USDT,2026-03-18 13:25:00+00:00,2026-03-19 07:05:00+00:00,72520.65,70345.04,-0.03193793124988207,-3.1763117,stop_loss,1060
BTC/USDT,2026-03-19 07:35:00+00:00,2026-03-19 19:40:00+00:00,69967.74,70458.35,0.00499993388919419,0.49726115,roi,725
ETH/USDT,2026-03-19 07:35:00+00:00,2026-03-21 23:50:00+00:00,2162.13,2097.27,-0.03193626176518047,-3.19331628,stop_loss,3855
BTC/USDT,2026-03-21 08:35:00+00:00,2026-03-22 00:00:00+00:00,70614.0,68495.58,-0.03193806196013582,-3.18311671,stop_loss,925
ETH/USDT,2026-03-22 00:30:00+00:00,2026-03-23 07:05:00+00:00,2085.98,2023.41,-0.03193356465638273,-3.19394278,stop_loss,1835
BTC/USDT,2026-03-22 00:30:00+00:00,2026-03-23 11:05:00+00:00,68904.25,69387.41,0.0050000372127541855,0.50005909,roi,2075
BTC/USDT,2026-03-24 14:05:00+00:00,2026-03-25 03:35:00+00:00,70294.61,70787.52,0.005000047611653212,0.49959558,roi,810
ETH/USDT,2026-03-25 15:25:00+00:00,2026-03-26 09:30:00+00:00,2163.51,2098.61,-0.031935617069730846,-3.19528994,stop_loss,1085
BTC/USDT,2026-03-25 15:25:00+00:00,2026-03-26 15:15:00+00:00,70934.81,68806.77,-0.031938001420021,-3.17489421,stop_loss,1430
BTC/USDT,2026-03-26 18:40:00+00:00,2026-03-27 07:10:00+00:00,68331.84,68810.98,0.0049999461826233885,0.49931588,roi,750
ETH/USDT,2026-03-26 10:25:00+00:00,2026-03-27 10:35:00+00:00,2081.9,2019.45,-0.03193470634269904,-3.1944648,stop_loss,1450
BTC/USDT,2026-03-27 08:55:00+00:00,2026-03-27 14:20:00+00:00,67971.14,65932.01,-0.03193800026559053,-3.19435873,stop_loss,325
ETH/USDT,2026-03-27 12:55:00+00:00,2026-03-28 06:15:00+00:00,1988.43,2002.37,0.004998546963816045,0.49944984,roi,1040
BTC/USDT,2026-03-28 09:55:00+00:00,2026-03-28 22:20:00+00:00,66292.58,66757.42,0.00499993425295171,0.497685,roi,745
BTC/USDT,2026-03-28 23:35:00+00:00,2026-03-29 11:40:00+00:00,66456.77,66922.77,0.005000065032173123,0.49893069,roi,725
ETH/USDT,2026-03-28 22:20:00+00:00,2026-03-29 22:45:00+00:00,2010.17,1949.87,-0.03193552992833711,-3.19372399,stop_loss,1465
ETH/USDT,2026-03-29 23:00:00+00:00,2026-03-30 00:15:00+00:00,1973.99,2000.5,0.011404818201697786,1.14029681,trailing_stop_loss,75
BTC/USDT,2026-03-29 23:00:00+00:00,2026-03-30 04:25:00+00:00,65860.31,67641.97,0.02500005254520759,2.48871816,roi,325
BTC/USDT,2026-03-30 18:15:00+00:00,2026-03-31 01:30:00+00:00,66825.05,67963.22,0.015000053904807145,1.49503878,roi,435
ETH/USDT,2026-03-30 18:15:00+00:00,2026-03-31 01:30:00+00:00,2040.08,2074.83,0.015001610483160227,1.50111941,roi,435
ETH/USDT,2026-03-31 07:30:00+00:00,2026-03-31 14:15:00+00:00,2050.46,2085.38,0.01499829626151198,1.49918859,roi,405
BTC/USDT,2026-03-31 07:30:00+00:00,2026-03-31 17:10:00+00:00,67288.36,68434.42,0.01500003708037906,1.49529909,roi,580
ETH/USDT,2026-04-02 02:00:00+00:00,2026-04-02 10:10:00+00:00,2100.02,2037.02,-0.031937776757373915,-3.1957231,stop_loss,490
BTC/USDT,2026-04-01 18:30:00+00:00,2026-04-02 12:20:00+00:00,68089.58,66046.9,-0.03193795346680711,-3.17815206,stop_loss,1070
ETH/USDT,2026-04-02 13:25:00+00:00,2026-04-02 15:20:00+00:00,2026.08,2051.5,0.01052332532878946,1.05218131,trailing_stop_loss,115
BTC/USDT,2026-04-02 12:25:00+00:00,2026-04-03 00:25:00+00:00,66134.16,66965.41,0.010546032148682166,1.05420715,roi,720
BTC/USDT,2026-04-03 13:55:00+00:00,2026-04-04 10:45:00+00:00,66680.33,67147.89,0.004999950962200496,0.49726035,roi,1250
ETH/USDT,2026-04-03 13:55:00+00:00,2026-04-04 19:05:00+00:00,2048.8,2063.17,0.005001846024939911,0.50059186,roi,1750
BTC/USDT,2026-04-05 01:15:00+00:00,2026-04-05 15:30:00+00:00,67189.68,67660.81,0.004999928012658539,0.49769367,roi,855
ETH/USDT,2026-04-05 02:20:00+00:00,2026-04-05 20:35:00+00:00,2057.6,2072.03,0.005001010827648119,0.50059798,roi,1095
ETH/USDT,2026-04-06 23:40:00+00:00,2026-04-07 19:50:00+00:00,2100.94,2115.67,0.004999137156722759,0.49938603,roi,1210
BTC/USDT,2026-04-06 21:50:00+00:00,2026-04-07 21:10:00+00:00,69557.21,70044.95,0.005000057493848983,0.49783711,roi,1400
BTC/USDT,2026-04-09 01:30:00+00:00,2026-04-09 13:30:00+00:00,70617.97,71113.14,0.004999942659412308,0.49834883,roi,720
ETH/USDT,2026-04-08 15:15:00+00:00,2026-04-09 15:45:00+00:00,2204.95,2220.41,0.004999485856600095,0.49986919,roi,1470
BTC/USDT,2026-04-09 14:15:00+00:00,2026-04-09 18:20:00+00:00,70788.01,71824.5,0.012614911831210473,1.26036726,trailing_stop_loss,245
ETH/USDT,2026-04-10 08:10:00+00:00,2026-04-10 14:10:00+00:00,2181.25,2223.8,0.01747018597448397,1.74703871,roi,360
BTC/USDT,2026-04-10 07:20:00+00:00,2026-04-10 14:20:00+00:00,71753.53,72975.64,0.015000021919692512,1.49755935,roi,420
BTC/USDT,2026-04-11 13:20:00+00:00,2026-04-12 22:25:00+00:00,72767.9,70584.87,-0.031937965884897626,-3.18714439,stop_loss,1985
BTC/USDT,2026-04-13 07:40:00+00:00,2026-04-13 14:40:00+00:00,70783.59,71989.18,0.015000022907553512,1.49857229,roi,420
ETH/USDT,2026-04-12 02:15:00+00:00,2026-04-13 17:30:00+00:00,2225.31,2240.91,0.004998250714803067,0.49990672,roi,2355
BTC/USDT,2026-04-15 05:55:00+00:00,2026-04-15 19:00:00+00:00,73981.44,74500.2,0.005000016957069969,0.49987579,roi,785
ETH/USDT,2026-04-14 11:40:00+00:00,2026-04-16 13:50:00+00:00,2373.93,2302.72,-0.03193474082196415,-3.19482797,stop_loss,3010
ETH/USDT,2026-04-16 14:10:00+00:00,2026-04-16 20:10:00+00:00,2311.53,2356.0,0.017201899694231613,1.7194667,roi,360
BTC/USDT,2026-04-16 08:20:00+00:00,2026-04-16 20:20:00+00:00,74618.75,75252.01,0.00647164864693521,0.64774158,roi,720
ETH/USDT,2026-04-17 02:00:00+00:00,2026-04-17 09:25:00+00:00,2335.37,2375.15,0.015001668027370811,1.50097374,roi,445
ETH/USDT,2026-04-18 04:40:00+00:00,2026-04-19 02:20:00+00:00,2406.95,2334.75,-0.03193453755368211,-3.19308055,stop_loss,1300
BTC/USDT,2026-04-18 04:40:00+00:00,2026-04-19 17:50:00+00:00,77054.66,74743.03,-0.03193793500872343,-3.17782172,stop_loss,2230
ETH/USDT,2026-04-19 07:45:00+00:00,2026-04-20 07:20:00+00:00,2315.43,2331.67,0.005001800391857531,0.49965399,roi,1415
BTC/USDT,2026-04-19 18:10:00+00:00,2026-04-20 07:20:00+00:00,74877.14,75402.18,0.00500000788493428,0.4984317,roi,790
BTC/USDT,2026-04-21 03:25:00+00:00,2026-04-21 10:50:00+00:00,75573.64,76860.81,0.014999964949143959,1.49785093,roi,445
ETH/USDT,2026-04-21 03:30:00+00:00,2026-04-21 16:35:00+00:00,2306.26,2322.43,0.004999340989552509,0.49973872,roi,785
ETH/USDT,2026-04-23 00:05:00+00:00,2026-04-23 17:35:00+00:00,2375.99,2304.72,-0.03193398758615784,-3.18992982,stop_loss,1050
ETH/USDT,2026-04-23 17:55:00+00:00,2026-04-24 08:20:00+00:00,2306.43,2322.6,0.0049988252565085186,0.499724,roi,865
ETH/USDT,2026-04-25 12:00:00+00:00,2026-04-26 05:10:00+00:00,2313.65,2329.87,0.0049985586313466505,0.50010394,roi,1030
BTC/USDT,2026-04-22 21:05:00+00:00,2026-04-27 00:55:00+00:00,78549.99,79100.78,0.004999955848047748,0.49928682,roi,5990
ETH/USDT,2026-04-27 06:55:00+00:00,2026-04-29 04:40:00+00:00,2323.4,2339.69,0.004999266034817382,0.49995713,roi,2745
BTC/USDT,2026-04-27 06:50:00+00:00,2026-04-29 18:05:00+00:00,77711.02,75379.69,-0.03193805424462753,-3.18005851,stop_loss,3555
ETH/USDT,2026-04-29 12:45:00+00:00,2026-04-29 18:05:00+00:00,2314.03,2244.61,-0.03193767380327192,-3.19587725,stop_loss,320
BTC/USDT,2026-04-30 02:55:00+00:00,2026-04-30 14:55:00+00:00,75722.89,76370.32,0.0065349057059609725,0.65384456,roi,720
ETH/USDT,2026-04-30 02:55:00+00:00,2026-04-30 14:55:00+00:00,2244.45,2263.73,0.006574912756828148,0.65734599,roi,720
ETH/USDT,2026-05-01 21:20:00+00:00,2026-05-02 09:20:00+00:00,2288.96,2305.88,0.005379232159801229,0.53737698,roi,720
BTC/USDT,2026-05-01 21:10:00+00:00,2026-05-02 16:05:00+00:00,77956.72,78503.35,0.004999955738747885,0.49941751,roi,1135
ETH/USDT,2026-05-03 02:35:00+00:00,2026-05-03 14:35:00+00:00,2302.41,2325.81,0.008144955471436477,0.81469525,roi,720
BTC/USDT,2026-05-03 01:50:00+00:00,2026-05-03 19:30:00+00:00,78285.0,78833.94,0.005000059185779743,0.49761275,roi,1060
BTC/USDT,2026-05-04 10:35:00+00:00,2026-05-04 16:35:00+00:00,78956.56,80301.35,0.014999991635426181,1.49377043,roi,360
ETH/USDT,2026-05-04 10:35:00+00:00,2026-05-04 22:45:00+00:00,2343.12,2359.55,0.005000006159529107,0.49958426,roi,730
ETH/USDT,2026-05-06 14:35:00+00:00,2026-05-07 14:30:00+00:00,2366.82,2295.82,-0.031936122305202326,-3.19296341,stop_loss,1435
ETH/USDT,2026-05-08 13:35:00+00:00,2026-05-08 19:35:00+00:00,2278.08,2317.09,0.015091853428859645,1.50736955,roi,360
ETH/USDT,2026-05-09 14:45:00+00:00,2026-05-10 02:45:00+00:00,2308.83,2326.2,0.005510257459049015,0.5514242,roi,720
BTC/USDT,2026-05-06 14:25:00+00:00,2026-05-10 22:55:00+00:00,81589.26,82161.36,0.004999940379574061,0.49818624,roi,6270
BTC/USDT,2026-05-11 03:45:00+00:00,2026-05-11 15:50:00+00:00,80722.19,81288.21,0.0049999386244400194,0.49693181,roi,725
ETH/USDT,2026-05-11 03:45:00+00:00,2026-05-12 15:20:00+00:00,2329.66,2259.78,-0.031933863760459424,-3.19473898,stop_loss,2135
BTC/USDT,2026-05-12 11:25:00+00:00,2026-05-13 01:30:00+00:00,80584.86,81149.92,0.004999975124936483,0.50012327,roi,845
ETH/USDT,2026-05-13 11:20:00+00:00,2026-05-13 15:55:00+00:00,2303.65,2234.55,-0.03193394628725517,-3.19589788,stop_loss,275
ETH/USDT,2026-05-13 16:15:00+00:00,2026-05-14 05:20:00+00:00,2245.27,2261.01,0.004998284171835682,0.49990054,roi,785
BTC/USDT,2026-05-13 11:35:00+00:00,2026-05-14 15:50:00+00:00,80663.48,81229.09,0.0049999592972870925,0.49657244,roi,1695
ETH/USDT,2026-05-15 00:05:00+00:00,2026-05-15 13:50:00+00:00,2285.57,2217.01,-0.03193496173866132,-3.19283475,stop_loss,825
BTC/USDT,2026-05-15 02:40:00+00:00,2026-05-16 06:50:00+00:00,80887.56,78460.94,-0.03193797808891867,-3.18074126,stop_loss,1690
ETH/USDT,2026-05-15 14:15:00+00:00,2026-05-17 23:40:00+00:00,2220.89,2154.27,-0.03193505115707476,-3.1947822,stop_loss,3445
ETH/USDT,2026-05-18 01:00:00+00:00,2026-05-18 12:35:00+00:00,2115.47,2151.5,0.014999644894968875,1.49921502,roi,695
BTC/USDT,2026-05-16 07:30:00+00:00,2026-05-18 15:05:00+00:00,78463.5,76109.6,-0.03193799837156101,-3.18576084,stop_loss,3335
ETH/USDT,2026-05-18 15:15:00+00:00,2026-05-18 21:30:00+00:00,2103.92,2139.75,0.01499808696129949,1.50035067,roi,375
BTC/USDT,2026-05-18 15:15:00+00:00,2026-05-19 03:15:00+00:00,76282.01,76816.9,0.004999995174761812,0.50014633,roi,720
ETH/USDT,2026-05-19 10:15:00+00:00,2026-05-20 05:30:00+00:00,2115.35,2130.18,0.004998650823379112,0.49958698,roi,1155
BTC/USDT,2026-05-19 22:35:00+00:00,2026-05-20 10:35:00+00:00,76791.13,77646.13,0.009113850461452416,0.91073156,roi,720
BTC/USDT,2026-05-20 13:50:00+00:00,2026-05-21 01:50:00+00:00,77190.0,77920.0,0.007440286103325357,0.7416081,roi,720
ETH/USDT,2026-05-20 13:50:00+00:00,2026-05-21 01:50:00+00:00,2124.12,2144.06,0.007370658831028302,0.73657554,roi,720
BTC/USDT,2026-05-21 13:55:00+00:00,2026-05-22 02:00:00+00:00,77078.18,77618.65,0.004999959557424368,0.49764739,roi,725
ETH/USDT,2026-05-21 06:25:00+00:00,2026-05-22 19:30:00+00:00,2136.77,2072.67,-0.03193661406889022,-3.19005085,stop_loss,2225
BTC/USDT,2026-05-22 07:15:00+00:00,2026-05-23 07:45:00+00:00,77374.96,75053.72,-0.03193794846143839,-3.1910326,stop_loss,1470
ETH/USDT,2026-05-22 20:10:00+00:00,2026-05-23 07:50:00+00:00,2074.85,2012.61,-0.03193541648036041,-3.19035083,stop_loss,700
ETH/USDT,2026-05-23 08:50:00+00:00,2026-05-23 14:55:00+00:00,2028.33,2062.88,0.015001682023710527,1.50161835,roi,365
BTC/USDT,2026-05-23 08:25:00+00:00,2026-05-23 20:10:00+00:00,74744.59,76017.64,0.014999969901727687,1.49264273,roi,705
BTC/USDT,2026-05-24 13:45:00+00:00,2026-05-25 06:05:00+00:00,76980.11,77519.9,0.00500005893939228,0.49702409,roi,980
ETH/USDT,2026-05-24 22:05:00+00:00,2026-05-25 09:30:00+00:00,2086.99,2122.54,0.015002065547315957,1.50120851,roi,685
ETH/USDT,2026-05-25 21:05:00+00:00,2026-05-26 10:35:00+00:00,2112.25,2127.06,0.004999469728247819,0.49999364,roi,810
BTC/USDT,2026-05-25 19:15:00+00:00,2026-05-26 14:25:00+00:00,77493.5,78036.89,0.005000059879381341,0.5003389,roi,1150
ETH/USDT,2026-05-26 16:00:00+00:00,2026-05-27 21:40:00+00:00,2087.36,2024.74,-0.031937679444578114,-3.19646759,stop_loss,1780
BTC/USDT,2026-05-27 04:50:00+00:00,2026-05-28 03:50:00+00:00,75509.73,73244.44,-0.03193803678191584,-3.1865383,stop_loss,1380
ETH/USDT,2026-05-27 22:05:00+00:00,2026-05-28 04:00:00+00:00,2031.56,1970.62,-0.03193472148423984,-3.19515526,stop_loss,355
ETH/USDT,2026-05-28 04:10:00+00:00,2026-05-28 16:20:00+00:00,1984.79,1998.71,0.005001321765311911,0.49980595,roi,730
BTC/USDT,2026-05-28 04:35:00+00:00,2026-05-28 17:45:00+00:00,73096.65,73609.2,0.004999937321210112,0.49754804,roi,790
ETH/USDT,2026-05-28 22:50:00+00:00,2026-05-29 15:15:00+00:00,2008.57,2022.65,0.004997954434818679,0.49942437,roi,985
BTC/USDT,2026-05-29 12:00:00+00:00,2026-05-30 14:10:00+00:00,73487.98,74003.28,0.005000019069046572,0.50021989,roi,1570
ETH/USDT,2026-05-30 04:15:00+00:00,2026-05-30 18:45:00+00:00,2015.2,2029.33,0.00499969956585565,0.50023931,roi,870
BTC/USDT,2026-05-30 22:50:00+00:00,2026-06-01 13:40:00+00:00,73857.23,71641.52,-0.03193796867618645,-3.18763181,stop_loss,2330
ETH/USDT,2026-05-30 22:50:00+00:00,2026-06-01 13:55:00+00:00,2022.84,1962.16,-0.031935496430958256,-3.194451,stop_loss,2345
BTC/USDT,2026-06-01 14:00:00+00:00,2026-06-02 09:10:00+00:00,71711.89,69560.54,-0.031937968718369035,-3.18674518,stop_loss,1150
ETH/USDT,2026-06-02 02:25:00+00:00,2026-06-02 15:20:00+00:00,1983.33,1923.84,-0.0319330803262589,-3.19521737,stop_loss,775
BTC/USDT,2026-06-02 09:35:00+00:00,2026-06-02 15:25:00+00:00,69526.7,67440.9,-0.031938047603931395,-3.17855767,stop_loss,350
ETH/USDT,2026-06-02 16:00:00+00:00,2026-06-02 23:00:00+00:00,1914.81,1857.37,-0.03193582081124539,-3.1952758,stop_loss,420
ETH/USDT,2026-06-02 23:15:00+00:00,2026-06-03 11:15:00+00:00,1872.17,1887.99,0.006435202082409046,0.64399546,roi,720
BTC/USDT,2026-06-02 16:05:00+00:00,2026-06-03 19:50:00+00:00,67436.57,65413.48,-0.0319379568242611,-3.19079127,stop_loss,1665
ETH/USDT,2026-06-03 16:40:00+00:00,2026-06-03 20:55:00+00:00,1826.96,1772.16,-0.03193325477718512,-3.19443186,stop_loss,255
ETH/USDT,2026-06-03 21:05:00+00:00,2026-06-03 21:40:00+00:00,1790.1,1821.03,0.015245840172722973,1.52439295,trailing_stop_loss,35
BTC/USDT,2026-06-03 23:30:00+00:00,2026-06-04 01:20:00+00:00,64505.4,62570.24,-0.0319380309748708,-3.19646524,stop_loss,110
BTC/USDT,2026-06-04 02:10:00+00:00,2026-06-04 04:10:00+00:00,62022.25,64372.97,0.03582750835270837,3.5811629,roi,120
ETH/USDT,2026-06-04 09:45:00+00:00,2026-06-04 14:30:00+00:00,1752.75,1776.49,0.011519366384578194,1.15201332,trailing_stop_loss,285
ETH/USDT,2026-06-05 03:20:00+00:00,2026-06-05 05:55:00+00:00,1737.03,1684.92,-0.03193754489752231,-3.19308713,stop_loss,155
BTC/USDT,2026-06-05 03:20:00+00:00,2026-06-05 13:55:00+00:00,62780.01,60896.61,-0.031938057211052036,-3.19125183,stop_loss,635
ETH/USDT,2026-06-05 06:45:00+00:00,2026-06-05 13:55:00+00:00,1664.95,1615.01,-0.031932966879962284,-3.1931976,stop_loss,430
ETH/USDT,2026-06-05 14:35:00+00:00,2026-06-05 16:05:00+00:00,1613.52,1565.12,-0.03193459823966773,-3.19271782,stop_loss,90
BTC/USDT,2026-06-05 14:10:00+00:00,2026-06-05 18:50:00+00:00,61136.31,59302.23,-0.03193791012089865,-3.18586522,stop_loss,280
BTC/USDT,2026-06-05 19:25:00+00:00,2026-06-05 20:05:00+00:00,59610.77,60371.32,0.010735106796933564,1.06974841,trailing_stop_loss,40
ETH/USDT,2026-06-05 16:15:00+00:00,2026-06-06 04:10:00+00:00,1587.27,1539.66,-0.031932969032517314,-3.19642659,stop_loss,715
ETH/USDT,2026-06-06 04:55:00+00:00,2026-06-06 05:20:00+00:00,1529.51,1549.65,0.011143304831742798,1.11407285,trailing_stop_loss,25
BTC/USDT,2026-06-06 04:45:00+00:00,2026-06-06 08:25:00+00:00,59796.01,61413.61,0.02499992025828722,2.49897193,roi,220
ETH/USDT,2026-06-06 10:25:00+00:00,2026-06-06 23:40:00+00:00,1558.18,1569.11,0.005002576768621113,0.50015371,roi,795
BTC/USDT,2026-06-06 10:45:00+00:00,2026-06-06 23:40:00+00:00,60420.79,60844.46,0.004999978465463381,0.49896784,roi,775
ETH/USDT,2026-06-07 12:40:00+00:00,2026-06-07 22:10:00+00:00,1616.62,1644.15,0.014997330820059603,1.49983841,roi,570
BTC/USDT,2026-06-07 12:50:00+00:00,2026-06-07 22:10:00+00:00,61856.43,62909.97,0.014999988792236222,1.4953255,roi,560
ETH/USDT,2026-06-08 04:50:00+00:00,2026-06-08 11:20:00+00:00,1662.69,1691.01,0.015000606632239708,1.50047463,roi,390
ETH/USDT,2026-06-09 14:55:00+00:00,2026-06-10 13:35:00+00:00,1640.8,1652.31,0.005002853060871137,0.5004086,roi,1360
BTC/USDT,2026-06-09 13:45:00+00:00,2026-06-11 06:15:00+00:00,62433.99,62871.78,0.0050000337827329185,0.49997477,roi,2430
ETH/USDT,2026-06-12 06:50:00+00:00,2026-06-12 14:50:00+00:00,1656.54,1684.75,0.014997444120977815,1.49958321,roi,480
BTC/USDT,2026-06-12 07:05:00+00:00,2026-06-12 15:00:00+00:00,63097.83,64172.51,0.014999932565554399,1.49690726,roi,475
BTC/USDT,2026-06-14 05:05:00+00:00,2026-06-14 21:15:00+00:00,64370.65,64822.02,0.005000034543051831,0.49937486,roi,970
ETH/USDT,2026-06-14 05:40:00+00:00,2026-06-14 21:15:00+00:00,1677.62,1689.38,0.004997922881591411,0.5002228,roi,935
ETH/USDT,2026-06-15 23:30:00+00:00,2026-06-16 12:05:00+00:00,1789.67,1802.22,0.005000453086304921,0.49986254,roi,755
ETH/USDT,2026-06-16 14:40:00+00:00,2026-06-17 02:20:00+00:00,1777.98,1808.26,0.014998533657038477,1.50018931,roi,700
BTC/USDT,2026-06-16 03:05:00+00:00,2026-06-17 16:25:00+00:00,65829.98,66291.58,0.004999990700259888,0.49751244,roi,2240
ETH/USDT,2026-06-17 09:05:00+00:00,2026-06-18 15:35:00+00:00,1768.08,1715.04,-0.0319367072455168,-3.19355628,stop_loss,1830
BTC/USDT,2026-06-17 20:00:00+00:00,2026-06-18 15:55:00+00:00,64301.85,62372.8,-0.031937976599930966,-3.18637321,stop_loss,1195
ETH/USDT,2026-06-18 16:40:00+00:00,2026-06-19 01:00:00+00:00,1688.2,1716.95,0.014997944834457096,1.50041512,roi,500
BTC/USDT,2026-06-18 16:10:00+00:00,2026-06-19 13:45:00+00:00,62692.0,63131.6,0.005000046889174809,0.49890448,roi,1295
ETH/USDT,2026-06-19 03:25:00+00:00,2026-06-19 15:40:00+00:00,1699.68,1711.6,0.005001070700472461,0.50031274,roi,735
BTC/USDT,2026-06-20 09:05:00+00:00,2026-06-20 21:05:00+00:00,63460.41,63936.01,0.005481460392297189,0.54667962,roi,720
ETH/USDT,2026-06-20 13:40:00+00:00,2026-06-21 01:40:00+00:00,1717.91,1736.46,0.008778428159338564,0.87856567,roi,720
ETH/USDT,2026-06-21 08:45:00+00:00,2026-06-22 01:20:00+00:00,1728.55,1740.67,0.004999645826272219,0.50001508,roi,995
BTC/USDT,2026-06-21 09:00:00+00:00,2026-06-22 01:25:00+00:00,64014.0,64462.87,0.005000047726278286,0.49981328,roi,985
ETH/USDT,2026-06-22 16:15:00+00:00,2026-06-23 06:20:00+00:00,1742.01,1689.75,-0.031937890027328816,-3.19670702,stop_loss,845
BTC/USDT,2026-06-22 21:50:00+00:00,2026-06-23 08:20:00+00:00,64245.99,62318.62,-0.031937911302682906,-3.18359865,stop_loss,630
ETH/USDT,2026-06-23 07:10:00+00:00,2026-06-23 08:20:00+00:00,1694.12,1643.3,-0.03193594118676167,-3.19528778,stop_loss,70
ETH/USDT,2026-06-23 09:15:00+00:00,2026-06-23 21:15:00+00:00,1650.86,1665.25,0.0067012509178640866,0.66997034,roi,720
BTC/USDT,2026-06-23 08:35:00+00:00,2026-06-23 23:45:00+00:00,62343.49,62780.64,0.00499994714115948,0.49924139,roi,910
BTC/USDT,2026-06-24 11:25:00+00:00,2026-06-24 15:40:00+00:00,62417.99,60545.46,-0.03193790684464447,-3.19278952,stop_loss,255
ETH/USDT,2026-06-24 11:25:00+00:00,2026-06-24 16:45:00+00:00,1660.31,1610.51,-0.03193247172601706,-3.19486336,stop_loss,320
ETH/USDT,2026-06-24 18:20:00+00:00,2026-06-24 20:20:00+00:00,1574.38,1616.97,0.024999867014716404,2.50181427,roi,120
BTC/USDT,2026-06-24 16:15:00+00:00,2026-06-25 04:35:00+00:00,60524.5,60948.9,0.005000024387214698,0.49982889,roi,740
BTC/USDT,2026-06-25 11:15:00+00:00,2026-06-25 13:45:00+00:00,61358.01,59517.27,-0.031938057022312526,-3.17781675,stop_loss,150
ETH/USDT,2026-06-25 11:15:00+00:00,2026-06-25 13:45:00+00:00,1636.9,1587.8,-0.03193379410619315,-3.1918067,stop_loss,150
ETH/USDT,2026-06-25 14:10:00+00:00,2026-06-26 03:00:00+00:00,1566.73,1519.73,-0.031936851664128615,-3.19551615,stop_loss,770
BTC/USDT,2026-06-25 14:10:00+00:00,2026-06-26 03:55:00+00:00,59485.99,59903.11,0.005000059095329499,0.50018791,roi,825
ETH/USDT,2026-06-26 03:10:00+00:00,2026-06-26 04:50:00+00:00,1527.39,1548.02,0.01148171260002614,1.14807019,trailing_stop_loss,100
ETH/USDT,2026-06-26 10:25:00+00:00,2026-06-26 16:10:00+00:00,1553.22,1578.76,0.014412404184713444,1.44083569,trailing_stop_loss,345
BTC/USDT,2026-06-26 10:10:00+00:00,2026-06-27 02:20:00+00:00,59782.5,60201.7,0.005000073357750176,0.49969039,roi,970
BTC/USDT,2026-06-27 20:05:00+00:00,2026-06-29 12:05:00+00:00,60258.0,60680.53,0.0050000030293857745,0.49762593,roi,2400
ETH/USDT,2026-06-27 20:05:00+00:00,2026-06-29 12:05:00+00:00,1580.28,1591.36,0.004999404857902135,0.49980835,roi,2400
ETH/USDT,2026-06-29 23:35:00+00:00,2026-06-30 12:30:00+00:00,1610.69,1562.37,-0.0319376282100332,-3.19256972,stop_loss,775
BTC/USDT,2026-06-30 00:55:00+00:00,2026-07-01 01:10:00+00:00,59866.0,58070.02,-0.03193806190408783,-3.19623975,stop_loss,1455
ETH/USDT,2026-06-30 13:10:00+00:00,2026-07-01 01:20:00+00:00,1561.28,1572.23,0.005001461184849175,0.50025536,roi,730
ETH/USDT,2026-07-01 06:45:00+00:00,2026-07-01 14:10:00+00:00,1577.31,1604.17,0.01499696647963505,1.49885032,roi,445
BTC/USDT,2026-07-01 06:55:00+00:00,2026-07-01 14:10:00+00:00,58736.01,59736.4,0.014999938737473153,1.4992599,roi,435
BTC/USDT,2026-07-02 00:50:00+00:00,2026-07-02 04:15:00+00:00,59782.97,60941.03,0.017334362951517805,1.73235112,exit_signal,205
ETH/USDT,2026-07-02 00:50:00+00:00,2026-07-02 05:45:00+00:00,1603.12,1625.9,0.012183397679092791,1.21802605,trailing_stop_loss,295
BTC/USDT,2026-07-04 06:30:00+00:00,2026-07-04 18:30:00+00:00,62422.0,63186.56,0.01022577175315793,1.0223223,roi,720
ETH/USDT,2026-07-05 00:40:00+00:00,2026-07-05 21:55:00+00:00,1776.21,1788.66,0.004997299765994461,0.49934431,roi,1275
BTC/USDT,2026-07-05 01:30:00+00:00,2026-07-05 22:15:00+00:00,62940.04,63381.38,0.005000058442925695,0.49772936,roi,1245
BTC/USDT,2026-07-06 03:40:00+00:00,2026-07-06 13:35:00+00:00,63260.53,61362.72,-0.03193796890927459,-3.19544454,stop_loss,595
ETH/USDT,2026-07-06 09:55:00+00:00,2026-07-06 16:00:00+00:00,1759.11,1789.07,0.014999309102777397,1.50019138,roi,365
BTC/USDT,2026-07-07 02:45:00+00:00,2026-07-07 15:45:00+00:00,63596.82,64042.76,0.004999973865740794,0.49973166,roi,780
ETH/USDT,2026-07-07 04:00:00+00:00,2026-07-07 15:45:00+00:00,1771.55,1801.72,0.01499825565450271,1.50005557,roi,705
ETH/USDT,2026-07-07 19:30:00+00:00,2026-07-08 08:35:00+00:00,1783.14,1729.65,-0.03193571124860872,-3.19215624,stop_loss,785
BTC/USDT,2026-07-07 19:25:00+00:00,2026-07-08 13:45:00+00:00,63582.0,61674.54,-0.03193806196007876,-3.19136497,stop_loss,1100
ETH/USDT,2026-07-11 22:45:00+00:00,2026-07-13 00:10:00+00:00,1815.62,1828.35,0.004999368285738782,0.49973165,roi,1525
BTC/USDT,2026-07-11 23:00:00+00:00,2026-07-13 13:40:00+00:00,64203.09,62277.0,-0.031938019973054704,-3.18148364,stop_loss,2320
ETH/USDT,2026-07-13 13:00:00+00:00,2026-07-14 01:00:00+00:00,1772.33,1786.02,0.005710859981791468,0.57142506,roi,720
BTC/USDT,2026-07-13 18:25:00+00:00,2026-07-14 06:25:00+00:00,61999.69,62702.7,0.009318270443236657,0.93107525,roi,720
ETH/USDT,2026-07-16 08:00:00+00:00,2026-07-17 00:35:00+00:00,1910.64,1853.33,-0.03193325640824838,-3.19416863,stop_loss,995
BTC/USDT,2026-07-16 00:50:00+00:00,2026-07-17 13:35:00+00:00,64584.89,62647.35,-0.03193795840991617,-3.17974925,stop_loss,2205
BTC/USDT,2026-07-17 13:50:00+00:00,2026-07-17 19:50:00+00:00,62762.29,64168.55,0.020363360006885947,2.03413336,roi,360
ETH/USDT,2026-07-17 00:45:00+00:00,2026-07-19 02:05:00+00:00,1858.38,1871.41,0.004999472184406131,0.5003513,roi,2960
BTC/USDT,2026-07-19 09:50:00+00:00,2026-07-20 00:10:00+00:00,64542.02,64994.59,0.005000008969837916,0.49747142,roi,860
ETH/USDT,2026-07-20 06:05:00+00:00,2026-07-20 15:30:00+00:00,1856.15,1887.76,0.014997845923612942,1.49919564,roi,565
BTC/USDT,2026-07-20 05:40:00+00:00,2026-07-20 15:45:00+00:00,64199.49,65292.94,0.015000034629072082,1.49413423,roi,605
ETH/USDT,2026-07-20 22:50:00+00:00,2026-07-21 05:45:00+00:00,1895.98,1928.27,0.01499874080556272,1.50014502,roi,415
ETH/USDT,2026-07-21 11:35:00+00:00,2026-07-22 14:05:00+00:00,1932.04,1945.59,0.0050012977536853945,0.50006153,roi,1590
BTC/USDT,2026-07-22 03:20:00+00:00,2026-07-24 13:35:00+00:00,66263.38,64275.48,-0.03193804085246689,-3.17765829,stop_loss,3495
ETH/USDT,2026-07-23 13:35:00+00:00,2026-07-24 13:55:00+00:00,1906.25,1849.07,-0.03193413539282642,-3.19301077,stop_loss,1460
BTC/USDT,2026-07-24 13:45:00+00:00,2026-07-26 16:30:00+00:00,64411.99,64863.65,0.0050000364682310115,0.49969576,roi,3045
ETH/USDT,2026-07-28 00:00:00+00:00,2026-07-28 15:20:00+00:00,1892.53,1905.8,0.004999766380395389,0.50010418,roi,920
BTC/USDT,2026-07-28 00:20:00+00:00,2026-07-29 06:25:00+00:00,63782.01,64229.25,0.004999996509237245,0.49799683,roi,1805
ETH/USDT,2026-07-28 23:15:00+00:00,2026-07-29 18:00:00+00:00,1908.39,1921.77,0.004999135279769501,0.50041162,roi,1125
ETH/USDT,2026-07-29 20:15:00+00:00,2026-07-30 02:20:00+00:00,1887.78,1919.93,0.014998557037944739,1.49930714,roi,365
BTC/USDT,2026-07-29 20:15:00+00:00,2026-07-30 08:20:00+00:00,63611.28,64057.32,0.00499995201992413,0.4998431,roi,725
BTC/USDT,2026-07-31 02:50:00+00:00,2026-08-01 18:30:00+00:00,64320.28,62390.68,-0.031937931622588345,-3.18728199,stop_loss,2380
ETH/USDT,2026-07-31 07:40:00+00:00,2026-08-01 18:40:00+00:00,1888.96,1832.3,-0.03193341255791559,-3.19416865,stop_loss,2100
BTC/USDT,2026-08-01 18:55:00+00:00,2026-08-02 02:05:00+00:00,62458.0,63521.79,0.015000053462500227,1.50049634,roi,430
ETH/USDT,2026-08-01 19:00:00+00:00,2026-08-02 02:05:00+00:00,1836.8,1868.08,0.014997589538491073,1.50008653,roi,425
ETH/USDT,2026-08-02 09:10:00+00:00,2026-08-02 21:10:00+00:00,1869.04,1884.68,0.006353211057230234,0.63591598,roi,720
BTC/USDT,2026-08-02 09:10:00+00:00,2026-08-02 21:40:00+00:00,63247.99,63691.49,0.005000068377076158,0.50016562,roi,750
BTC/USDT,2026-08-03 04:05:00+00:00,2026-08-03 16:05:00+00:00,62938.55,63822.61,0.012020332522320251,1.19653217,roi,720
ETH/USDT,2026-08-03 04:05:00+00:00,2026-08-03 17:20:00+00:00,1860.09,1873.13,0.00499840469649103,0.49977409,roi,795
BTC/USDT,2026-08-03 22:20:00+00:00,2026-08-04 13:35:00+00:00,63620.01,64066.11,0.00499993293301422,0.49990979,roi,915
ETH/USDT,2026-08-05 07:50:00+00:00,2026-08-05 17:00:00+00:00,1866.64,1898.43,0.014998571215429052,1.49933375,roi,550
BTC/USDT,2026-08-05 07:50:00+00:00,2026-08-05 19:50:00+00:00,64063.77,64879.83,0.010714791956021773,1.07190158,roi,720
BTC/USDT,2026-08-06 10:20:00+00:00,2026-08-07 11:20:00+00:00,64667.32,65120.77,0.005000030471656916,0.49843934,roi,1500
BTC/USDT,2026-08-07 17:40:00+00:00,2026-08-08 14:25:00+00:00,64678.66,65132.19,0.00500003793518685,0.49852749,roi,1245
BTC/USDT,2026-08-08 23:20:00+00:00,2026-08-09 22:10:00+00:00,64958.76,65414.25,0.004999975287911457,0.49742899,roi,1370
ETH/USDT,2026-08-08 23:25:00+00:00,2026-08-09 22:10:00+00:00,1917.34,1930.78,0.004997703975636595,0.49973695,roi,1365
ETH/USDT,2026-08-10 10:05:00+00:00,2026-08-11 15:35:00+00:00,1919.26,1861.69,-0.03193400604166906,-3.1963845,stop_loss,1770
ETH/USDT,2026-08-11 16:00:00+00:00,2026-08-12 04:00:00+00:00,1862.75,1886.63,0.010796139821894153,1.07900123,roi,720
BTC/USDT,2026-08-10 10:05:00+00:00,2026-08-13 16:35:00+00:00,65042.04,63090.78,-0.03193804347914014,-3.18147101,stop_loss,4710
ETH/USDT,2026-08-13 09:20:00+00:00,2026-08-17 02:50:00+00:00,1886.3,1899.53,0.005001715137960698,0.50054101,roi,5370
BTC/USDT,2026-08-13 16:50:00+00:00,2026-08-17 06:45:00+00:00,63183.42,63626.46,0.004999954197590404,0.49964359,roi,5155
BTC/USDT,2026-08-17 08:55:00+00:00,2026-08-17 18:20:00+00:00,63385.49,64465.07,0.014999941797872294,1.49421522,roi,565
ETH/USDT,2026-08-17 08:30:00+00:00,2026-08-17 20:30:00+00:00,1895.37,1908.81,0.00507879397181991,0.50780771,roi,720
ETH/USDT,2026-08-18 03:20:00+00:00,2026-08-18 15:20:00+00:00,1893.89,1914.46,0.008841540477485544,0.88501512,roi,720
BTC/USDT,2026-08-18 13:40:00+00:00,2026-08-19 12:35:00+00:00,64234.45,64684.86,0.004999957511923569,0.49831057,roi,1375
BTC/USDT,2026-08-20 03:20:00+00:00,2026-08-20 08:05:00+00:00,69118.0,70083.19,0.011938476935836525,1.18942389,trailing_stop_loss,285
ETH/USDT,2026-08-20 03:20:00+00:00,2026-08-20 09:20:00+00:00,2238.69,2290.8,0.021232496286923835,2.12209075,roi,360
ETH/USDT,2026-08-22 06:00:00+00:00,2026-08-23 05:05:00+00:00,2439.95,2366.76,-0.031934585230523845,-3.19006544,stop_loss,1385
ETH/USDT,2026-08-23 05:20:00+00:00,2026-08-23 11:20:00+00:00,2379.43,2423.55,0.016507206456059752,1.65131484,roi,360
BTC/USDT,2026-08-22 05:45:00+00:00,2026-08-23 13:15:00+00:00,77175.88,77717.04,0.005000023275705529,0.49828453,roi,1890
ETH/USDT,2026-08-25 13:35:00+00:00,2026-08-26 21:10:00+00:00,2471.32,2488.65,0.005000433888859732,0.49974921,roi,1895
BTC/USDT,2026-08-25 12:15:00+00:00,2026-08-27 08:05:00+00:00,79080.83,79635.35,0.005000053856936835,0.49871281,roi,2630
ETH/USDT,2026-08-27 18:40:00+00:00,2026-08-28 13:55:00+00:00,2497.45,2514.96,0.004999141081945542,0.4999036,roi,1155
BTC/USDT,2026-08-28 03:15:00+00:00,2026-08-28 16:20:00+00:00,79876.0,77479.72,-0.03193806193806194,-3.19204465,stop_loss,785
BTC/USDT,2026-08-28 16:35:00+00:00,2026-08-29 18:45:00+00:00,77676.62,78221.29,0.005000007853585288,0.49762828,roi,1570
ETH/USDT,2026-08-28 16:40:00+00:00,2026-08-29 19:15:00+00:00,2440.95,2458.07,0.005001647383158329,0.49983808,roi,1595
ETH/USDT,2026-08-30 22:40:00+00:00,2026-08-30 23:45:00+00:00,2471.95,2397.8,-0.03193463022747595,-3.1923979,stop_loss,65
